"Date","Price","Open","High","Low","Vol.","Change %"
"09/18/2024","5,564.0","5,580.0","5,600.0","5,510.0","1.15K","0.22%"
"09/13/2024","5,552.0","5,532.0","5,578.0","5,526.0","0.31K","0.29%"
"09/12/2024","5,536.0","5,566.0","5,582.0","5,510.0","0.18K","-0.18%"
"09/11/2024","5,546.0","5,602.0","5,624.0","5,502.0","2.18K","-1.42%"
"09/10/2024","5,626.0","5,616.0","5,670.0","5,612.0","0.36K","-0.04%"
"09/09/2024","5,628.0","5,652.0","5,660.0","5,610.0","3.11K","-0.67%"
"09/06/2024","5,666.0","5,712.0","5,712.0","5,640.0","2.03K","-0.56%"
"09/05/2024","5,698.0","5,652.0","5,744.0","5,652.0","2.44K","-1.18%"
"09/04/2024","5,766.0","5,840.0","5,866.0","5,648.0","3.97K","-1.17%"
"09/03/2024","5,834.0","5,792.0","5,888.0","5,792.0","3.22K","0.41%"
"09/02/2024","5,810.0","5,810.0","5,840.0","5,790.0","3.60K","-0.45%"
"08/30/2024","5,836.0","5,840.0","5,850.0","5,810.0","6.70K","0.21%"
"08/29/2024","5,824.0","5,786.0","5,856.0","5,764.0","8.73K","0.10%"
"08/28/2024","5,818.0","5,808.0","5,848.0","5,796.0","13.88K","0.66%"
"08/27/2024","5,780.0","5,790.0","5,802.0","5,756.0","18.69K","0.59%"
"08/26/2024","5,746.0","5,710.0","5,780.0","5,706.0","26.59K","0.28%"
"08/23/2024","5,730.0","5,760.0","5,760.0","5,708.0","26.84K","-0.10%"
"08/22/2024","5,736.0","5,738.0","5,760.0","5,718.0","40.25K","0.35%"
"08/21/2024","5,716.0","5,688.0","5,750.0","5,688.0","87.59K","0.53%"
"08/20/2024","5,686.0","5,684.0","5,714.0","5,666.0","101.17K","0.32%"
"08/19/2024","5,668.0","5,658.0","5,696.0","5,634.0","133.63K","0.39%"
"08/16/2024","5,646.0","5,650.0","5,690.0","5,616.0","139.02K","0.43%"
"08/15/2024","5,622.0","5,630.0","5,676.0","5,590.0","203.44K","-0.43%"
"08/14/2024","5,646.0","5,652.0","5,680.0","5,602.0","189.18K","-0.88%"
"08/13/2024","5,696.0","5,700.0","5,730.0","5,654.0","207.67K","0.18%"
"08/12/2024","5,686.0","5,724.0","5,740.0","5,646.0","250.20K","0.53%"
"08/09/2024","5,656.0","5,612.0","5,734.0","5,564.0","354.96K","-0.53%"
"08/08/2024","5,686.0","5,680.0","5,748.0","5,544.0","343.59K","0.35%"
"08/07/2024","5,666.0","5,650.0","5,700.0","5,632.0","199.34K","-0.21%"
"08/06/2024","5,678.0","5,646.0","5,722.0","5,622.0","207.75K","-0.46%"
"08/05/2024","5,704.0","5,770.0","5,790.0","5,656.0","309.95K","-0.38%"
"08/02/2024","5,726.0","5,738.0","5,786.0","5,678.0","302.86K","-0.35%"
"08/01/2024","5,746.0","5,744.0","5,810.0","5,716.0","292.86K","1.23%"
"07/31/2024","5,676.0","5,654.0","5,764.0","5,592.0","402.98K","-0.14%"
"07/30/2024","5,684.0","5,716.0","5,730.0","5,642.0","321.59K","-0.28%"
"07/29/2024","5,700.0","5,670.0","5,742.0","5,660.0","320.28K","0.60%"
"07/26/2024","5,666.0","5,620.0","5,720.0","5,618.0","291.14K","0.14%"
"07/25/2024","5,658.0","5,720.0","5,734.0","5,582.0","362.17K","-0.32%"
"07/24/2024","5,676.0","5,632.0","5,736.0","5,606.0","300.05K","0.07%"
"07/23/2024","5,672.0","5,674.0","5,706.0","5,638.0","220.21K","-0.25%"
"07/22/2024","5,686.0","5,730.0","5,750.0","5,650.0","292.54K","-1.15%"
"07/19/2024","5,752.0","5,750.0","5,776.0","5,726.0","301.16K","1.37%"
"07/18/2024","5,674.0","5,682.0","5,762.0","5,626.0","284.77K","-0.46%"
"07/17/2024","5,700.0","5,710.0","5,744.0","5,638.0","267.76K","-0.31%"
"07/16/2024","5,718.0","5,736.0","5,746.0","5,696.0","223.51K","-0.38%"
"07/15/2024","5,740.0","5,748.0","5,766.0","5,714.0","206.09K","0.10%"
"07/12/2024","5,734.0","5,730.0","5,768.0","5,706.0","213.04K","0.63%"
"07/11/2024","5,698.0","5,658.0","5,740.0","5,656.0","244.73K","0.07%"
"07/10/2024","5,694.0","5,740.0","5,746.0","5,658.0","250.28K","-0.77%"
"07/09/2024","5,738.0","5,764.0","5,770.0","5,716.0","213.58K","-0.52%"
"07/08/2024","5,768.0","5,786.0","5,808.0","5,740.0","269.14K","-0.65%"
"07/05/2024","5,806.0","5,850.0","5,850.0","5,780.0","381.36K","-2.29%"
"07/04/2024","5,942.0","6,008.0","6,032.0","5,858.0","436.67K","-0.77%"
"07/03/2024","5,988.0","5,950.0","6,014.0","5,942.0","323.93K","1.11%"
"07/02/2024","5,922.0","5,896.0","5,954.0","5,888.0","214.69K","-0.07%"
"07/01/2024","5,926.0","5,974.0","5,994.0","5,868.0","381.82K","-0.47%"
"06/28/2024","5,954.0","5,962.0","5,988.0","5,924.0","298.89K","-0.73%"
"06/27/2024","5,998.0","5,992.0","6,040.0","5,956.0","320.46K","-0.23%"
"06/26/2024","6,012.0","5,968.0","6,062.0","5,966.0","386.25K","1.25%"
"06/25/2024","5,938.0","5,916.0","5,974.0","5,890.0","337.47K","0.81%"
"06/24/2024","5,890.0","5,872.0","5,938.0","5,850.0","281.26K","-0.27%"
"06/21/2024","5,906.0","5,946.0","5,956.0","5,872.0","233.19K","-0.40%"
"06/20/2024","5,930.0","5,906.0","5,984.0","5,864.0","345.81K","0.44%"
"06/19/2024","5,904.0","5,926.0","5,942.0","5,868.0","300.69K","-1.20%"
"06/18/2024","5,976.0","5,998.0","6,030.0","5,924.0","292.37K","0.20%"
"06/17/2024","5,964.0","5,978.0","6,012.0","5,910.0","329.82K","-0.03%"
"06/14/2024","5,966.0","5,974.0","6,002.0","5,932.0","285.27K","-0.67%"
"06/13/2024","6,006.0","6,078.0","6,080.0","5,966.0","286.64K","0.13%"
"06/12/2024","5,998.0","6,068.0","6,078.0","5,942.0","429.51K","-1.06%"
"06/11/2024","6,062.0","6,068.0","6,094.0","6,016.0","215.11K","-0.23%"
"06/07/2024","6,076.0","6,082.0","6,116.0","6,032.0","280.32K","0.10%"
"06/06/2024","6,070.0","6,064.0","6,092.0","6,040.0","220.95K","-0.13%"
"06/05/2024","6,078.0","6,030.0","6,130.0","6,008.0","350.42K","0.76%"
"06/04/2024","6,032.0","6,060.0","6,072.0","6,008.0","302.53K","-1.21%"
"06/03/2024","6,106.0","6,202.0","6,212.0","6,040.0","442.36K","-2.21%"
"05/31/2024","6,244.0","6,264.0","6,276.0","6,202.0","281.76K","-0.76%"
"05/30/2024","6,292.0","6,276.0","6,342.0","6,236.0","358.12K","0.06%"
"05/29/2024","6,288.0","6,310.0","6,332.0","6,254.0","273.76K","-0.63%"
"05/28/2024","6,328.0","6,288.0","6,380.0","6,288.0","327.04K","0.67%"
"05/27/2024","6,286.0","6,278.0","6,318.0","6,250.0","258.08K","-0.19%"
"05/24/2024","6,298.0","6,302.0","6,324.0","6,270.0","305.48K","-1.38%"
"05/23/2024","6,386.0","6,456.0","6,486.0","6,280.0","521.39K","-0.68%"
"05/22/2024","6,430.0","6,400.0","6,458.0","6,400.0","264.72K","-0.28%"
"05/21/2024","6,448.0","6,378.0","6,520.0","6,350.0","549.82K","1.26%"
"05/20/2024","6,368.0","6,396.0","6,420.0","6,324.0","368.16K","-0.16%"
"05/17/2024","6,378.0","6,390.0","6,404.0","6,352.0","249.94K","0.22%"
"05/16/2024","6,364.0","6,252.0","6,430.0","6,246.0","621.28K","1.79%"
"05/15/2024","6,252.0","6,268.0","6,296.0","6,212.0","269.81K","2.12%"
"05/14/2024","6,122.0","6,098.0","6,158.0","6,098.0","0.37K","0.39%"
"05/13/2024","6,098.0","6,070.0","6,140.0","6,040.0","0.82K","0.03%"
"05/10/2024","6,096.0","6,144.0","6,200.0","6,008.0","2.30K","-0.78%"
"05/09/2024","6,144.0","6,164.0","6,220.0","6,114.0","1.06K","-0.71%"
"05/08/2024","6,188.0","6,206.0","6,210.0","6,168.0","4.58K","-0.58%"
"05/07/2024","6,224.0","6,260.0","6,278.0","6,158.0","2.99K","-0.64%"
"05/06/2024","6,264.0","6,232.0","6,298.0","6,226.0","2.31K","0.42%"
"04/30/2024","6,238.0","6,212.0","6,278.0","6,200.0","9.40K","0.71%"
"04/29/2024","6,194.0","6,170.0","6,236.0","6,140.0","12.35K","0.55%"
"04/26/2024","6,160.0","6,180.0","6,194.0","6,118.0","12.94K","-0.48%"
"04/25/2024","6,190.0","6,206.0","6,220.0","6,160.0","15.57K","0.45%"
"04/24/2024","6,162.0","6,160.0","6,210.0","6,114.0","17.82K","0.33%"
"04/23/2024","6,142.0","6,164.0","6,178.0","6,106.0","21.61K","-0.84%"
"04/22/2024","6,194.0","6,158.0","6,260.0","6,130.0","29.38K","0.98%"
"04/19/2024","6,134.0","6,090.0","6,176.0","6,086.0","27.28K","-0.49%"
"04/18/2024","6,164.0","6,234.0","6,254.0","6,082.0","47.43K","-0.58%"
"04/17/2024","6,200.0","6,218.0","6,224.0","6,174.0","27.25K","-0.83%"
"04/16/2024","6,252.0","6,260.0","6,338.0","6,202.0","61.16K","-0.19%"
"04/15/2024","6,264.0","6,284.0","6,300.0","6,232.0","63.70K","-0.22%"
"04/12/2024","6,278.0","6,286.0","6,308.0","6,252.0","123.76K","0.64%"
"04/11/2024","6,238.0","6,140.0","6,312.0","6,130.0","285.17K","2.06%"
"04/10/2024","6,112.0","6,126.0","6,142.0","6,086.0","158.22K","0.00%"
"04/09/2024","6,112.0","6,100.0","6,172.0","6,058.0","235.61K","0.23%"
"04/08/2024","6,098.0","6,074.0","6,148.0","6,042.0","207.86K","0.33%"
"04/03/2024","6,078.0","6,098.0","6,142.0","6,020.0","297.25K","-1.17%"
"04/02/2024","6,150.0","6,166.0","6,206.0","6,092.0","256.29K","0.49%"
"04/01/2024","6,120.0","6,138.0","6,188.0","6,060.0","335.86K","0.49%"
"03/29/2024","6,090.0","6,124.0","6,144.0","6,044.0","371.32K","0.23%"
"03/28/2024","6,076.0","6,090.0","6,132.0","6,026.0","430.46K","-1.14%"
"03/27/2024","6,146.0","6,090.0","6,208.0","6,070.0","519.39K","1.12%"
"03/26/2024","6,078.0","6,102.0","6,126.0","6,050.0","278.53K","-1.11%"
"03/25/2024","6,146.0","6,194.0","6,244.0","6,074.0","449.77K","-0.61%"
"03/22/2024","6,184.0","6,184.0","6,216.0","6,152.0","305.44K","-0.03%"
"03/21/2024","6,186.0","6,200.0","6,232.0","6,144.0","340.11K","0.39%"
"03/20/2024","6,162.0","6,100.0","6,206.0","6,094.0","292.11K","0.95%"
"03/19/2024","6,104.0","6,020.0","6,150.0","6,012.0","400.98K","1.26%"
"03/18/2024","6,028.0","6,032.0","6,098.0","5,990.0","385.05K","-0.26%"
"03/15/2024","6,044.0","6,036.0","6,066.0","6,022.0","261.17K","-0.10%"
"03/14/2024","6,050.0","6,050.0","6,086.0","6,012.0","290.69K","0.07%"
"03/13/2024","6,046.0","6,018.0","6,072.0","6,008.0","283.33K","0.50%"
"03/12/2024","6,016.0","5,988.0","6,040.0","5,986.0","224.98K","0.23%"
"03/11/2024","6,002.0","5,970.0","6,050.0","5,960.0","343.05K","0.94%"
"03/08/2024","5,946.0","5,936.0","5,980.0","5,916.0","310.07K","0.88%"
"03/07/2024","5,894.0","5,814.0","5,952.0","5,806.0","446.74K","1.34%"
"03/06/2024","5,816.0","5,800.0","5,840.0","5,782.0","224.70K","-0.21%"
"03/05/2024","5,828.0","5,820.0","5,854.0","5,804.0","242.44K","-0.10%"
"03/04/2024","5,834.0","5,860.0","5,866.0","5,792.0","309.14K","-0.68%"
"03/01/2024","5,874.0","5,886.0","5,892.0","5,854.0","213.78K","0.24%"
"02/29/2024","5,860.0","5,868.0","5,894.0","5,838.0","281.60K","-0.14%"
"02/28/2024","5,868.0","5,860.0","5,888.0","5,846.0","234.94K","0.24%"
"02/27/2024","5,854.0","5,820.0","5,878.0","5,820.0","323.94K","0.55%"
"02/26/2024","5,822.0","5,800.0","5,852.0","5,782.0","372.15K","0.62%"
"02/23/2024","5,786.0","5,778.0","5,816.0","5,758.0","308.89K","0.49%"
"02/22/2024","5,758.0","5,760.0","5,788.0","5,734.0","264.11K","-0.17%"
"02/21/2024","5,768.0","5,770.0","5,804.0","5,726.0","329.36K","0.52%"
"02/20/2024","5,738.0","5,716.0","5,768.0","5,696.0","285.11K","1.09%"
"02/19/2024","5,676.0","5,596.0","5,720.0","5,588.0","271.66K","1.43%"
"02/08/2024","5,596.0","5,564.0","5,624.0","5,558.0","238.01K","0.76%"
"02/07/2024","5,554.0","5,556.0","5,572.0","5,530.0","237.91K","-0.43%"
"02/06/2024","5,578.0","5,642.0","5,650.0","5,532.0","421.43K","-1.17%"
"02/05/2024","5,644.0","5,600.0","5,690.0","5,598.0","355.36K","0.00%"
"02/02/2024","5,644.0","5,714.0","5,724.0","5,580.0","531.36K","-0.95%"
"02/01/2024","5,698.0","5,670.0","5,738.0","5,646.0","377.75K","0.32%"
"01/31/2024","5,680.0","5,702.0","5,712.0","5,654.0","357.03K","-0.28%"
"01/30/2024","5,696.0","5,702.0","5,726.0","5,664.0","359.17K","-0.49%"
"01/29/2024","5,724.0","5,720.0","5,782.0","5,672.0","432.38K","-1.14%"
"01/26/2024","5,790.0","5,780.0","5,824.0","5,722.0","391.28K","0.38%"
"01/25/2024","5,768.0","5,782.0","5,794.0","5,742.0","295.20K","0.59%"
"01/24/2024","5,734.0","5,690.0","5,796.0","5,672.0","496.06K","1.24%"
"01/23/2024","5,664.0","5,652.0","5,712.0","5,628.0","404.77K","-0.04%"
"01/22/2024","5,666.0","5,710.0","5,718.0","5,608.0","659.89K","-1.29%"
"01/19/2024","5,740.0","5,730.0","5,774.0","5,710.0","424.78K","0.28%"
"01/18/2024","5,724.0","5,700.0","5,762.0","5,670.0","414.78K","-0.07%"
"01/17/2024","5,728.0","5,732.0","5,772.0","5,686.0","459.97K","-0.56%"
"01/16/2024","5,760.0","5,722.0","5,816.0","5,688.0","455.40K","0.81%"
"01/15/2024","5,714.0","5,740.0","5,760.0","5,670.0","454.72K","0.18%"
"01/12/2024","5,704.0","5,718.0","5,752.0","5,650.0","460.02K","-0.14%"
"01/11/2024","5,712.0","5,680.0","5,740.0","5,674.0","322.37K","-0.28%"
"01/10/2024","5,728.0","5,758.0","5,792.0","5,656.0","458.47K","-0.59%"
"01/09/2024","5,762.0","5,800.0","5,832.0","5,722.0","434.23K","-1.57%"
"01/08/2024","5,854.0","5,856.0","5,932.0","5,790.0","524.72K","0.17%"
"01/05/2024","5,844.0","5,900.0","5,900.0","5,782.0","459.63K","-1.28%"
"01/04/2024","5,920.0","5,948.0","5,992.0","5,846.0","482.45K","0.54%"
"01/03/2024","5,888.0","5,858.0","5,982.0","5,834.0","491.41K","1.76%"
"01/02/2024","5,786.0","5,650.0","5,858.0","5,642.0","393.68K","1.40%"
"12/29/2023","5,706.0","5,766.0","5,778.0","5,628.0","473.38K","-1.45%"
"12/28/2023","5,790.0","5,802.0","5,828.0","5,752.0","364.71K","0.77%"
"12/27/2023","5,746.0","5,722.0","5,810.0","5,706.0","421.83K","-0.45%"
"12/26/2023","5,772.0","5,810.0","5,824.0","5,708.0","403.30K","-0.76%"
"12/25/2023","5,816.0","5,780.0","5,876.0","5,758.0","388.47K","-0.24%"
"12/22/2023","5,830.0","5,780.0","5,896.0","5,770.0","482.42K","0.87%"
"12/21/2023","5,780.0","5,788.0","5,818.0","5,740.0","400.15K","1.87%"
"12/20/2023","5,674.0","5,694.0","5,776.0","5,600.0","494.93K","-1.25%"
"12/19/2023","5,746.0","5,786.0","5,786.0","5,708.0","308.88K","0.14%"
"12/18/2023","5,738.0","5,676.0","5,808.0","5,660.0","437.29K","0.74%"
"12/15/2023","5,696.0","5,696.0","5,750.0","5,642.0","391.98K","0.42%"
"12/14/2023","5,672.0","5,672.0","5,718.0","5,634.0","226.12K","-0.56%"
"12/13/2023","5,704.0","5,700.0","5,796.0","5,612.0","287.45K","0.00%"
"12/12/2023","5,704.0","5,784.0","5,790.0","5,654.0","211.25K","-1.76%"
"12/11/2023","5,806.0","5,868.0","5,882.0","5,750.0","173.63K","1.65%"
"12/08/2023","5,712.0","5,638.0","5,842.0","5,600.0","168.87K","3.63%"
"12/07/2023","5,512.0","5,540.0","5,614.0","5,452.0","121.58K","-0.54%"
"12/06/2023","5,542.0","5,506.0","5,582.0","5,500.0","82.29K","0.25%"
"12/05/2023","5,528.0","5,600.0","5,608.0","5,456.0","114.51K","-1.39%"
"12/04/2023","5,606.0","5,600.0","5,658.0","5,550.0","88.71K","0.29%"
"12/01/2023","5,590.0","5,740.0","5,754.0","5,480.0","115.04K","-2.03%"
"11/30/2023","5,706.0","5,686.0","5,754.0","5,664.0","50.14K","-1.86%"
"11/29/2023","5,814.0","5,874.0","5,904.0","5,682.0","61.68K","-1.16%"
"11/28/2023","5,882.0","5,916.0","5,926.0","5,844.0","47.49K","-0.74%"
"11/27/2023","5,926.0","5,920.0","5,960.0","5,900.0","35.11K","0.54%"
"11/24/2023","5,894.0","5,864.0","5,934.0","5,842.0","37.02K","0.48%"
"11/23/2023","5,866.0","5,864.0","5,892.0","5,836.0","31.67K","-0.74%"
"11/22/2023","5,910.0","6,010.0","6,024.0","5,852.0","53.09K","-1.60%"
"11/21/2023","6,006.0","6,030.0","6,052.0","5,956.0","44.77K","-1.05%"
"11/20/2023","6,070.0","6,096.0","6,138.0","6,014.0","31.99K","-0.52%"
"11/17/2023","6,102.0","6,118.0","6,156.0","6,040.0","33.10K","0.20%"
"11/16/2023","6,090.0","6,020.0","6,138.0","6,006.0","24.43K","1.13%"
"11/15/2023","6,022.0","5,992.0","6,062.0","5,978.0","32.02K","0.67%"
"11/14/2023","5,982.0","6,020.0","6,026.0","5,936.0","21.91K","-0.30%"
"11/13/2023","6,000.0","6,000.0","6,034.0","5,960.0","26.98K","0.67%"
"11/10/2023","5,960.0","5,944.0","6,000.0","5,910.0","29.06K","-1.68%"
"11/09/2023","6,062.0","6,182.0","6,186.0","5,940.0","36.37K","-1.88%"
"11/08/2023","6,178.0","6,146.0","6,220.0","6,140.0","20.79K","0.23%"
"11/07/2023","6,164.0","6,226.0","6,226.0","6,122.0","24.67K","-0.68%"
"11/06/2023","6,206.0","6,162.0","6,234.0","6,162.0","21.05K","1.24%"
"11/03/2023","6,130.0","6,038.0","6,190.0","6,024.0","23.63K","1.49%"
"11/02/2023","6,040.0","6,022.0","6,074.0","5,998.0","15.07K","-0.20%"
"11/01/2023","6,052.0","6,060.0","6,082.0","6,016.0","12.81K","0.87%"
"10/31/2023","6,000.0","5,986.0","6,076.0","5,954.0","14.71K","0.84%"
"10/30/2023","5,950.0","5,912.0","5,994.0","5,896.0","14.00K","0.64%"
"10/27/2023","5,912.0","5,930.0","5,962.0","5,874.0","11.35K","-1.43%"
"10/26/2023","5,998.0","6,068.0","6,068.0","5,942.0","12.06K","-1.19%"
"10/25/2023","6,070.0","6,070.0","6,116.0","6,040.0","10.59K","0.36%"
"10/24/2023","6,048.0","6,042.0","6,090.0","5,994.0","11.85K","0.33%"
"10/23/2023","6,028.0","6,080.0","6,080.0","5,988.0","15.57K","-1.79%"
"10/20/2023","6,138.0","6,160.0","6,172.0","6,080.0","9.25K","0.07%"
"10/19/2023","6,134.0","6,104.0","6,190.0","6,082.0","12.31K","-0.03%"
"10/18/2023","6,136.0","6,158.0","6,176.0","6,100.0","13.65K","-1.38%"
"10/17/2023","6,222.0","6,262.0","6,270.0","6,168.0","10.63K","0.13%"
"10/16/2023","6,214.0","6,250.0","6,250.0","6,180.0","12.87K","-0.61%"
"10/13/2023","6,252.0","6,266.0","6,292.0","6,210.0","13.69K","0.16%"
"10/12/2023","6,242.0","6,242.0","6,276.0","6,192.0","14.06K","0.16%"
"10/11/2023","6,232.0","6,208.0","6,286.0","6,174.0","13.27K","0.00%"
"10/10/2023","6,232.0","6,230.0","6,264.0","6,206.0","13.02K","0.35%"
"10/09/2023","6,210.0","6,224.0","6,256.0","6,164.0","4.85K","0.45%"
"09/28/2023","6,182.0","6,156.0","6,236.0","6,136.0","9.06K","0.13%"
"09/27/2023","6,174.0","6,132.0","6,246.0","6,122.0","10.36K","1.38%"
"09/26/2023","6,090.0","6,060.0","6,162.0","5,994.0","18.07K","0.50%"
"09/25/2023","6,060.0","6,080.0","6,100.0","6,032.0","12.54K","-0.26%"
"09/22/2023","6,076.0","6,092.0","6,118.0","6,004.0","11.30K","-0.43%"
"09/21/2023","6,102.0","6,100.0","6,146.0","6,058.0","13.32K","0.10%"
"09/20/2023","6,096.0","6,052.0","6,138.0","6,044.0","15.74K","1.09%"
"09/19/2023","6,030.0","5,990.0","6,060.0","5,990.0","5.60K","1.14%"
"09/18/2023","5,962.0","5,914.0","6,028.0","5,852.0","9.29K","1.46%"
"09/15/2023","5,876.0","5,812.0","5,924.0","5,810.0","6.26K","1.59%"
"09/14/2023","5,784.0","5,786.0","5,818.0","5,752.0","5.74K","-0.14%"
"09/13/2023","5,792.0","5,842.0","5,858.0","5,734.0","8.03K","-0.45%"
"09/12/2023","5,818.0","5,792.0","5,846.0","5,788.0","5.00K","0.76%"
"09/11/2023","5,774.0","5,714.0","5,820.0","5,714.0","7.74K","0.77%"
"09/08/2023","5,730.0","5,790.0","5,790.0","5,690.0","6.08K","-1.27%"
"09/07/2023","5,804.0","5,880.0","5,902.0","5,724.0","8.77K","-1.29%"
"09/06/2023","5,880.0","5,860.0","5,900.0","5,850.0","4.93K","0.20%"
"09/05/2023","5,868.0","5,810.0","5,908.0","5,806.0","8.36K","0.34%"
"09/04/2023","5,848.0","5,850.0","5,916.0","5,778.0","11.40K","1.46%"
"09/01/2023","5,764.0","5,640.0","5,836.0","5,628.0","12.56K","1.84%"
"08/31/2023","5,660.0","5,652.0","5,684.0","5,616.0","5.30K","0.89%"
"08/30/2023","5,610.0","5,532.0","5,650.0","5,532.0","4.47K","0.50%"
"08/29/2023","5,582.0","5,620.0","5,620.0","5,544.0","4.03K","-1.20%"
"08/28/2023","5,650.0","5,660.0","5,674.0","5,586.0","8.19K","0.04%"
"08/25/2023","5,648.0","5,630.0","5,696.0","5,588.0","4.59K","0.00%"
"08/24/2023","5,648.0","5,626.0","5,674.0","5,616.0","5.38K","0.50%"
"08/23/2023","5,620.0","5,566.0","5,656.0","5,566.0","4.15K","2.00%"
"08/22/2023","5,510.0","5,500.0","5,568.0","5,478.0","2.43K","0.36%"
"08/21/2023","5,490.0","5,470.0","5,524.0","5,438.0","2.82K","0.11%"
"08/18/2023","5,484.0","5,454.0","5,518.0","5,450.0","2.66K","1.03%"
"08/17/2023","5,428.0","5,426.0","5,452.0","5,408.0","2.66K","-0.91%"
"08/16/2023","5,478.0","5,554.0","5,554.0","5,416.0","4.26K","-0.87%"
"08/15/2023","5,526.0","5,528.0","5,556.0","5,510.0","3.04K","-1.22%"
"08/14/2023","5,594.0","5,600.0","5,670.0","5,520.0","2.34K","-0.53%"
"08/11/2023","5,624.0","5,644.0","5,652.0","5,604.0","1.55K","-0.21%"
"08/10/2023","5,636.0","5,640.0","5,666.0","5,594.0","2.83K","0.75%"
"08/09/2023","5,594.0","5,570.0","5,636.0","5,526.0","2.86K","-0.04%"
"08/08/2023","5,596.0","5,610.0","5,646.0","5,558.0","1.92K","0.61%"
"08/07/2023","5,562.0","5,606.0","5,608.0","5,512.0","2.95K","-0.47%"
"08/04/2023","5,588.0","5,552.0","5,622.0","5,552.0","2.74K","0.07%"
"08/03/2023","5,584.0","5,680.0","5,684.0","5,528.0","4.65K","-1.41%"
"08/02/2023","5,664.0","5,650.0","5,706.0","5,620.0","3.27K","0.93%"
"08/01/2023","5,612.0","5,612.0","5,650.0","5,570.0","2.80K","-0.21%"
"07/31/2023","5,624.0","5,638.0","5,660.0","5,598.0","1.99K","-0.18%"
"07/28/2023","5,634.0","5,630.0","5,696.0","5,584.0","4.84K","-0.60%"
"07/27/2023","5,668.0","5,588.0","5,712.0","5,570.0","7.46K","2.20%"
"07/26/2023","5,546.0","5,540.0","5,596.0","5,510.0","3.32K","0.54%"
"07/25/2023","5,516.0","5,476.0","5,546.0","5,476.0","1.95K","0.80%"
"07/24/2023","5,472.0","5,450.0","5,500.0","5,432.0","1.57K","0.26%"
"07/21/2023","5,458.0","5,500.0","5,500.0","5,406.0","0.86K","-0.11%"
"07/20/2023","5,464.0","5,450.0","5,492.0","5,440.0","1.76K","0.40%"
"07/19/2023","5,442.0","5,400.0","5,464.0","5,400.0","1.20K","0.89%"
"07/18/2023","5,394.0","5,372.0","5,416.0","5,368.0","0.78K","-0.30%"
"07/17/2023","5,410.0","5,494.0","5,494.0","5,366.0","2.08K","-1.28%"
"07/14/2023","5,480.0","5,480.0","5,510.0","5,452.0","1.20K","0.11%"
"07/13/2023","5,474.0","5,498.0","5,530.0","5,400.0","3.09K","-0.26%"
"07/12/2023","5,488.0","5,460.0","5,506.0","5,460.0","0.89K","0.00%"
"07/11/2023","5,488.0","5,458.0","5,524.0","5,436.0","2.31K","0.99%"
"07/10/2023","5,434.0","5,410.0","5,458.0","5,402.0","1.35K","0.33%"
"07/07/2023","5,416.0","5,432.0","5,448.0","5,382.0","1.83K","-0.37%"
"07/06/2023","5,436.0","5,442.0","5,460.0","5,412.0","1.33K","-0.44%"
"07/05/2023","5,460.0","5,488.0","5,492.0","5,438.0","1.75K","0.26%"
"07/04/2023","5,446.0","5,406.0","5,498.0","5,394.0","2.20K","1.53%"
"07/03/2023","5,364.0","5,350.0","5,400.0","5,316.0","1.20K","0.49%"
"06/30/2023","5,338.0","5,314.0","5,364.0","5,302.0","1.05K","0.60%"
"06/29/2023","5,306.0","5,246.0","5,352.0","5,238.0","1.44K","0.95%"
"06/28/2023","5,256.0","5,260.0","5,278.0","5,238.0","0.56K","0.31%"
"06/27/2023","5,240.0","5,172.0","5,288.0","5,170.0","0.77K","0.85%"
"06/26/2023","5,196.0","5,234.0","5,268.0","5,150.0","0.71K","-0.19%"
"06/21/2023","5,206.0","5,224.0","5,266.0","4,884.0","1.56K","-0.50%"
"06/20/2023","5,232.0","5,272.0","5,272.0","5,200.0","1.12K","-0.38%"
"06/19/2023","5,252.0","5,262.0","5,300.0","5,220.0","1.42K","-0.27%"
"06/16/2023","5,266.0","5,250.0","5,294.0","5,246.0","1.20K","0.65%"
"06/15/2023","5,232.0","5,222.0","5,256.0","5,206.0","0.68K","0.31%"
"06/14/2023","5,216.0","5,180.0","5,264.0","5,178.0","0.99K","0.89%"
"06/13/2023","5,170.0","5,170.0","5,190.0","5,142.0","0.69K","0.00%"
"06/12/2023","5,170.0","5,170.0","5,200.0","5,142.0","0.64K","1.29%"
"06/09/2023","5,104.0","5,052.0","5,172.0","5,040.0","0.68K","1.35%"
"06/08/2023","5,036.0","5,048.0","5,064.0","5,012.0","0.49K","-0.59%"
"06/07/2023","5,066.0","5,112.0","5,132.0","5,006.0","1.12K","-1.40%"
"06/06/2023","5,138.0","5,140.0","5,158.0","5,126.0","0.29K","-0.16%"
"06/05/2023","5,146.0","5,150.0","5,180.0","5,128.0","0.28K","-0.19%"
"06/02/2023","5,156.0","5,170.0","5,182.0","5,122.0","0.30K","-0.08%"
"06/01/2023","5,160.0","5,084.0","5,188.0","5,082.0","0.34K","1.10%"
"05/31/2023","5,104.0","5,128.0","5,138.0","5,080.0","0.26K","-0.70%"
"05/30/2023","5,140.0","5,170.0","5,180.0","5,100.0","0.30K","-0.70%"
"05/29/2023","5,176.0","5,146.0","5,204.0","5,136.0","0.50K","0.43%"
"05/26/2023","5,154.0","5,176.0","5,196.0","5,124.0","0.15K","0.27%"
"05/25/2023","5,140.0","5,210.0","5,210.0","5,112.0","0.24K","-1.12%"
"05/24/2023","5,198.0","5,260.0","5,268.0","5,174.0","0.34K","0.27%"
"05/23/2023","5,184.0","5,168.0","5,254.0","5,136.0","0.16K","-0.12%"
"05/22/2023","5,190.0","5,250.0","5,284.0","5,130.0","0.28K","-0.46%"
"05/19/2023","5,214.0","5,270.0","5,270.0","5,170.0","0.35K","-1.18%"
"05/18/2023","5,276.0","5,280.0","5,290.0","5,264.0","0.10K","0.11%"
"05/17/2023","5,270.0","5,286.0","5,286.0","5,220.0","0.06K","0.46%"
"05/16/2023","5,246.0","5,222.0","5,292.0","5,198.0","0.09K","-1.54%"
"05/15/2023","5,328.0","5,310.0","5,398.0","5,262.0","12.87K","1.60%"
"05/12/2023","5,244.0","5,160.0","5,316.0","5,148.0","16.28K","0.85%"
"05/11/2023","5,200.0","5,242.0","5,254.0","5,166.0","9.16K","-0.50%"
"05/10/2023","5,226.0","5,204.0","5,258.0","5,184.0","13.69K","0.54%"
"05/09/2023","5,198.0","5,210.0","5,260.0","5,162.0","8.92K","-0.35%"
"05/08/2023","5,216.0","5,220.0","5,262.0","5,170.0","5.71K","0.42%"
"05/05/2023","5,194.0","5,178.0","5,228.0","5,156.0","3.86K","0.97%"
"05/04/2023","5,144.0","5,130.0","5,184.0","5,098.0","2.58K","0.04%"
"04/28/2023","5,142.0","5,140.0","5,190.0","5,116.0","3.58K","-0.08%"
"04/27/2023","5,146.0","5,164.0","5,180.0","5,130.0","3.24K","-0.39%"
"04/26/2023","5,166.0","5,210.0","5,212.0","5,134.0","3.55K","-0.92%"
"04/25/2023","5,214.0","5,200.0","5,246.0","5,184.0","2.20K","0.50%"
"04/24/2023","5,188.0","5,190.0","5,222.0","5,156.0","3.65K","-0.69%"
"04/21/2023","5,224.0","5,302.0","5,308.0","5,172.0","4.71K","-1.84%"
"04/20/2023","5,322.0","5,378.0","5,378.0","5,302.0","3.05K","-1.22%"
"04/19/2023","5,388.0","5,398.0","5,416.0","5,356.0","1.63K","0.19%"
"04/18/2023","5,378.0","5,370.0","5,404.0","5,358.0","1.59K","0.90%"
"04/17/2023","5,330.0","5,296.0","5,368.0","5,296.0","0.77K","0.53%"
"04/14/2023","5,302.0","5,286.0","5,328.0","5,280.0","0.85K","0.00%"
"04/13/2023","5,302.0","5,344.0","5,344.0","5,282.0","1.65K","-0.41%"
"04/12/2023","5,324.0","5,322.0","5,346.0","5,306.0","1.67K","-0.26%"
"04/11/2023","5,338.0","5,400.0","5,406.0","5,302.0","2.92K","-1.62%"
"04/10/2023","5,426.0","5,470.0","5,474.0","5,400.0","0.42K","-0.73%"
"04/07/2023","5,466.0","5,444.0","5,504.0","5,430.0","0.58K","-0.36%"
"04/06/2023","5,486.0","5,522.0","5,560.0","5,406.0","0.96K","-1.33%"
"04/04/2023","5,560.0","5,574.0","5,590.0","5,522.0","0.71K","-0.25%"
"04/03/2023","5,574.0","5,544.0","5,596.0","5,502.0","1.64K","0.14%"
"03/31/2023","5,566.0","5,546.0","5,610.0","5,512.0","0.66K","-0.04%"
"03/30/2023","5,568.0","5,556.0","5,604.0","5,530.0","1.49K","0.83%"
"03/29/2023","5,522.0","5,528.0","5,570.0","5,472.0","2.07K","0.00%"
"03/28/2023","5,522.0","5,560.0","5,560.0","5,454.0","0.74K","-0.58%"
"03/27/2023","5,554.0","5,530.0","5,604.0","5,472.0","0.45K","1.13%"
"03/24/2023","5,492.0","5,440.0","5,558.0","5,430.0","0.28K","0.44%"
"03/23/2023","5,468.0","5,474.0","5,508.0","5,428.0","0.26K","-0.47%"
"03/22/2023","5,494.0","5,560.0","5,584.0","5,416.0","0.45K","-2.14%"
"03/21/2023","5,614.0","5,696.0","5,706.0","5,536.0","0.17K","-2.30%"
"03/20/2023","5,746.0","5,738.0","5,812.0","5,692.0","0.20K","-0.97%"
"03/17/2023","5,802.0","5,812.0","5,838.0","5,776.0","0.09K","-0.21%"
"03/16/2023","5,814.0","5,946.0","5,946.0","5,750.0","0.42K","-2.06%"
"03/15/2023","5,936.0","5,994.0","5,994.0","5,912.0","0.17K","-0.57%"
"03/14/2023","5,970.0","5,938.0","6,004.0","5,910.0","0.11K","-0.53%"
"03/13/2023","6,002.0","6,000.0","6,046.0","5,926.0","0.20K","-0.50%"
"03/10/2023","6,032.0","6,032.0","6,070.0","6,000.0","0.14K","-0.89%"
"03/09/2023","6,086.0","6,138.0","6,138.0","6,006.0","0.19K","-0.52%"
"03/08/2023","6,118.0","6,106.0","6,138.0","6,098.0","0.26K","-0.39%"
"03/07/2023","6,142.0","6,150.0","6,160.0","6,100.0","0.37K","0.20%"
"03/06/2023","6,130.0","6,120.0","6,152.0","6,104.0","0.08K","0.26%"
"03/03/2023","6,114.0","6,116.0","6,136.0","6,088.0","0.12K","-0.33%"
"03/02/2023","6,134.0","6,152.0","6,166.0","6,106.0","0.06K","-0.13%"
"03/01/2023","6,142.0","6,140.0","6,158.0","6,124.0","0.03K","-0.03%"
"02/28/2023","6,144.0","6,144.0","6,164.0","6,132.0","0.14K","-0.13%"
"02/27/2023","6,152.0","6,156.0","6,170.0","6,126.0","0.16K","0.00%"
"02/24/2023","6,152.0","6,132.0","6,182.0","6,106.0","0.07K","0.26%"
"02/23/2023","6,136.0","6,172.0","6,210.0","6,102.0","0.08K","-0.84%"
"02/22/2023","6,188.0","6,240.0","6,240.0","6,172.0","0.05K","0.26%"
"02/21/2023","6,172.0","6,156.0","6,202.0","6,152.0","0.03K","0.55%"
"02/20/2023","6,138.0","6,132.0","6,156.0","6,124.0","0.03K","0.16%"
"02/17/2023","6,128.0","6,160.0","6,160.0","6,088.0","0.04K","0.00%"
"02/16/2023","6,128.0","6,134.0","6,152.0","6,100.0","0.02K","-0.33%"
"02/15/2023","6,148.0","6,116.0","6,192.0","6,100.0","0.04K","0.69%"
"02/14/2023","6,106.0","6,112.0","6,152.0","6,088.0","0.05K","-0.88%"
"02/13/2023","6,160.0","6,174.0","6,186.0","6,132.0","0.02K","-0.61%"
"02/10/2023","6,198.0","6,246.0","6,246.0","6,152.0","0.05K","-0.74%"
"02/09/2023","6,244.0","6,258.0","6,270.0","6,224.0","0.02K","0.00%"
"02/08/2023","6,244.0","6,250.0","6,268.0","6,230.0","0.01K","-0.10%"
"02/07/2023","6,250.0","6,274.0","6,276.0","6,230.0","0.02K","-0.73%"
"02/06/2023","6,296.0","6,302.0","6,318.0","6,250.0","0.04K","0.54%"
"02/03/2023","6,262.0","6,260.0","6,300.0","6,240.0","0.03K","-0.22%"
"02/02/2023","6,276.0","6,356.0","6,368.0","6,214.0","0.06K","-0.88%"
"02/01/2023","6,332.0","6,362.0","6,362.0","6,302.0","0.02K","0.16%"
"01/31/2023","6,322.0","6,316.0","6,340.0","6,304.0","0.01K","0.67%"
"01/30/2023","6,280.0","6,230.0","6,312.0","6,216.0","0.02K","1.06%"
"01/20/2023","6,214.0","6,174.0","6,246.0","6,174.0","0.01K","0.75%"
"01/19/2023","6,168.0","6,158.0","6,188.0","6,150.0","0.02K","0.69%"
"01/18/2023","6,126.0","6,088.0","6,198.0","6,086.0","0.05K","0.39%"
"01/17/2023","6,102.0","6,164.0","6,164.0","6,074.0","0.02K","-5.75%"
"01/16/2023","6,474.0","6,488.0","6,510.0","6,428.0","148.41K","0.94%"
"01/13/2023","6,414.0","6,362.0","6,512.0","6,352.0","172.18K","0.75%"
"01/12/2023","6,366.0","6,330.0","6,410.0","6,318.0","147.26K","0.60%"
"01/11/2023","6,328.0","6,374.0","6,374.0","6,304.0","150.97K","-1.22%"
"01/10/2023","6,406.0","6,424.0","6,476.0","6,342.0","184.08K","-2.23%"
"01/09/2023","6,552.0","6,670.0","6,714.0","6,420.0","268.34K","-0.82%"
"01/06/2023","6,606.0","6,612.0","6,688.0","6,550.0","173.18K","-0.27%"
"01/05/2023","6,624.0","6,612.0","6,650.0","6,594.0","95.93K","-0.45%"
"01/04/2023","6,654.0","6,650.0","6,736.0","6,608.0","145.47K","0.45%"
"01/03/2023","6,624.0","6,706.0","6,726.0","6,578.0","135.99K","-1.31%"
"12/30/2022","6,712.0","6,608.0","6,770.0","6,604.0","170.72K","1.18%"
"12/29/2022","6,634.0","6,638.0","6,654.0","6,580.0","93.75K","-0.57%"
"12/28/2022","6,672.0","6,754.0","6,784.0","6,610.0","166.26K","-0.71%"
"12/27/2022","6,720.0","6,718.0","6,762.0","6,688.0","131.60K","0.60%"
"12/26/2022","6,680.0","6,496.0","6,794.0","6,490.0","234.11K","2.90%"
"12/23/2022","6,492.0","6,534.0","6,540.0","6,460.0","143.75K","-1.07%"
"12/22/2022","6,562.0","6,600.0","6,628.0","6,516.0","125.96K","0.15%"
"12/21/2022","6,552.0","6,492.0","6,606.0","6,490.0","154.09K","0.74%"
"12/20/2022","6,504.0","6,490.0","6,544.0","6,454.0","155.41K","-0.79%"
"12/19/2022","6,556.0","6,564.0","6,598.0","6,500.0","145.34K","-1.35%"
"12/16/2022","6,646.0","6,750.0","6,826.0","6,530.0","203.43K","-1.45%"
"12/15/2022","6,744.0","6,740.0","6,776.0","6,712.0","87.43K","-0.65%"
"12/14/2022","6,788.0","6,760.0","6,862.0","6,710.0","133.10K","0.00%"
"12/13/2022","6,788.0","6,868.0","6,868.0","6,716.0","74.32K","-1.79%"
"12/12/2022","6,912.0","6,902.0","6,968.0","6,818.0","87.91K","0.26%"
"12/09/2022","6,894.0","6,906.0","6,948.0","6,862.0","67.35K","0.73%"
"12/08/2022","6,844.0","6,804.0","6,900.0","6,770.0","55.64K","0.44%"
"12/07/2022","6,814.0","6,812.0","6,840.0","6,784.0","40.37K","-0.12%"
"12/06/2022","6,822.0","6,856.0","6,856.0","6,804.0","40.79K","-0.23%"
"12/05/2022","6,838.0","6,850.0","6,892.0","6,766.0","82.57K","1.36%"
"12/02/2022","6,746.0","6,690.0","6,850.0","6,680.0","61.69K","0.78%"
"12/01/2022","6,694.0","6,714.0","6,732.0","6,638.0","41.28K","0.03%"
"11/30/2022","6,692.0","6,688.0","6,748.0","6,638.0","42.89K","0.39%"
"11/29/2022","6,666.0","6,622.0","6,700.0","6,612.0","38.72K","0.85%"
"11/28/2022","6,610.0","6,664.0","6,666.0","6,570.0","34.72K","-0.03%"
"11/25/2022","6,612.0","6,588.0","6,646.0","6,558.0","36.25K","1.07%"
"11/24/2022","6,542.0","6,510.0","6,586.0","6,500.0","24.73K","1.08%"
"11/23/2022","6,472.0","6,400.0","6,518.0","6,380.0","27.99K","1.25%"
"11/22/2022","6,392.0","6,360.0","6,432.0","6,356.0","16.16K","-0.09%"
"11/21/2022","6,398.0","6,440.0","6,444.0","6,342.0","18.93K","-0.22%"
"11/18/2022","6,412.0","6,360.0","6,446.0","6,360.0","20.78K","1.07%"
"11/17/2022","6,344.0","6,360.0","6,394.0","6,310.0","12.41K","0.22%"
"11/16/2022","6,330.0","6,330.0","6,400.0","6,294.0","15.50K","0.32%"
"11/15/2022","6,310.0","6,344.0","6,344.0","6,278.0","8.12K","0.00%"
"11/14/2022","6,310.0","6,310.0","6,346.0","6,282.0","7.77K","0.70%"
"11/11/2022","6,266.0","6,120.0","6,328.0","6,120.0","22.34K","2.05%"
"11/10/2022","6,140.0","6,108.0","6,162.0","6,108.0","7.87K","-0.10%"
"11/09/2022","6,146.0","6,138.0","6,190.0","6,112.0","12.52K","0.20%"
"11/08/2022","6,134.0","6,110.0","6,188.0","6,094.0","13.96K","-1.41%"
"11/07/2022","6,222.0","6,220.0","6,320.0","6,124.0","21.14K","0.16%"
"11/04/2022","6,212.0","6,214.0","6,260.0","6,184.0","14.07K","-0.64%"
"11/03/2022","6,252.0","6,280.0","6,304.0","6,216.0","9.04K","-0.54%"
"11/02/2022","6,286.0","6,320.0","6,332.0","6,256.0","7.48K","0.19%"
"11/01/2022","6,274.0","6,176.0","6,350.0","6,176.0","15.56K","1.42%"
"10/31/2022","6,186.0","6,212.0","6,244.0","6,142.0","16.03K","-1.43%"
"10/28/2022","6,276.0","6,262.0","6,332.0","6,204.0","14.59K","-0.06%"
"10/27/2022","6,280.0","6,250.0","6,314.0","6,222.0","14.92K","-0.82%"
"10/26/2022","6,332.0","6,380.0","6,400.0","6,250.0","12.52K","-1.09%"
"10/25/2022","6,402.0","6,400.0","6,456.0","6,366.0","13.63K","0.60%"
"10/24/2022","6,364.0","6,352.0","6,404.0","6,320.0","10.08K","0.09%"
"10/21/2022","6,358.0","6,358.0","6,404.0","6,316.0","10.32K","0.25%"
"10/20/2022","6,342.0","6,348.0","6,392.0","6,302.0","7.27K","0.25%"
"10/19/2022","6,326.0","6,320.0","6,374.0","6,260.0","6.99K","0.83%"
"10/18/2022","6,274.0","6,250.0","6,316.0","6,240.0","5.60K","0.32%"
"10/17/2022","6,254.0","6,230.0","6,310.0","6,200.0","11.36K","-1.04%"
"10/14/2022","6,320.0","6,300.0","6,398.0","6,256.0","8.42K","-1.16%"
"10/13/2022","6,394.0","6,450.0","6,472.0","6,322.0","6.87K","-0.19%"
"10/12/2022","6,406.0","6,380.0","6,488.0","6,358.0","6.77K","0.69%"
"10/11/2022","6,362.0","6,500.0","6,500.0","6,300.0","8.69K","-1.91%"
"10/10/2022","6,486.0","6,520.0","6,564.0","6,452.0","6.29K","0.28%"
"09/30/2022","6,468.0","6,402.0","6,540.0","6,402.0","8.18K","0.78%"
"09/29/2022","6,418.0","6,450.0","6,460.0","6,394.0","7.23K","0.06%"
"09/28/2022","6,414.0","6,440.0","6,458.0","6,356.0","7.44K","0.75%"
"09/27/2022","6,366.0","6,280.0","6,418.0","6,280.0","8.37K","0.54%"
"09/26/2022","6,332.0","6,262.0","6,416.0","6,262.0","13.09K","-2.07%"
"09/23/2022","6,466.0","6,584.0","6,622.0","6,362.0","8.93K","-1.85%"
"09/22/2022","6,588.0","6,536.0","6,652.0","6,514.0","5.49K","0.98%"
"09/21/2022","6,524.0","6,600.0","6,608.0","6,466.0","9.55K","-1.48%"
"09/20/2022","6,622.0","6,700.0","6,700.0","6,562.0","8.14K","-1.11%"
"09/19/2022","6,696.0","6,688.0","6,732.0","6,652.0","5.15K","1.55%"
"09/16/2022","6,594.0","6,560.0","6,682.0","6,528.0","5.20K","0.58%"
"09/15/2022","6,556.0","6,508.0","6,594.0","6,496.0","6.24K","1.49%"
"09/14/2022","6,460.0","6,466.0","6,508.0","6,414.0","5.26K","-0.40%"
"09/13/2022","6,486.0","6,526.0","6,588.0","6,388.0","2.09K","0.12%"
"09/09/2022","6,478.0","6,500.0","6,506.0","6,426.0","3.03K","0.03%"
"09/08/2022","6,476.0","6,476.0","6,526.0","6,416.0","6.01K","0.03%"
"09/07/2022","6,474.0","6,454.0","6,498.0","6,448.0","3.54K","0.31%"
"09/06/2022","6,454.0","6,422.0","6,490.0","6,406.0","3.10K","0.91%"
"09/05/2022","6,396.0","6,450.0","6,480.0","6,360.0","2.89K","0.16%"
"09/02/2022","6,386.0","6,416.0","6,458.0","6,328.0","2.28K","-0.28%"
"09/01/2022","6,404.0","6,450.0","6,450.0","6,374.0","1.57K","-0.56%"
"08/31/2022","6,440.0","6,370.0","6,484.0","6,370.0","1.47K","0.75%"
"08/30/2022","6,392.0","6,394.0","6,424.0","6,350.0","1.71K","-0.68%"
"08/29/2022","6,436.0","6,460.0","6,494.0","6,362.0","1.34K","0.06%"
"08/26/2022","6,432.0","6,450.0","6,468.0","6,366.0","1.22K","0.00%"
"08/25/2022","6,432.0","6,372.0","6,468.0","6,370.0","1.71K","0.94%"
"08/24/2022","6,372.0","6,408.0","6,416.0","6,344.0","0.95K","-0.19%"
"08/23/2022","6,384.0","6,358.0","6,410.0","6,336.0","1.75K","1.30%"
"08/22/2022","6,302.0","6,162.0","6,372.0","6,150.0","2.89K","3.11%"
"08/19/2022","6,112.0","6,150.0","6,186.0","6,058.0","1.81K","-0.75%"
"08/18/2022","6,158.0","6,148.0","6,202.0","6,112.0","1.61K","-0.90%"
"08/17/2022","6,214.0","6,274.0","6,358.0","6,144.0","1.83K","-2.05%"
"08/16/2022","6,344.0","6,300.0","6,408.0","6,300.0","0.98K","-1.00%"
"08/15/2022","6,408.0","6,408.0","6,488.0","6,362.0","0.92K","-0.62%"
"08/12/2022","6,448.0","6,532.0","6,550.0","6,382.0","1.08K","-0.74%"
"08/11/2022","6,496.0","6,448.0","6,580.0","6,430.0","1.82K","0.74%"
"08/10/2022","6,448.0","6,462.0","6,476.0","6,416.0","0.41K","0.16%"
"08/09/2022","6,438.0","6,384.0","6,496.0","6,384.0","1.18K","-0.09%"
"08/08/2022","6,444.0","6,454.0","6,510.0","6,352.0","2.83K","-0.15%"
"08/05/2022","6,454.0","6,482.0","6,550.0","6,390.0","2.85K","-1.22%"
"08/04/2022","6,534.0","6,620.0","6,634.0","6,472.0","0.81K","-1.24%"
"08/03/2022","6,616.0","6,628.0","6,654.0","6,562.0","0.77K","0.52%"
"08/02/2022","6,582.0","6,578.0","6,622.0","6,528.0","0.81K","-1.38%"
"08/01/2022","6,674.0","6,692.0","6,768.0","6,540.0","2.58K","0.18%"
"07/29/2022","6,662.0","6,650.0","6,762.0","6,590.0","1.92K","1.46%"
"07/28/2022","6,566.0","6,510.0","6,666.0","6,496.0","2.65K","1.36%"
"07/27/2022","6,478.0","6,450.0","6,524.0","6,434.0","2.40K","0.56%"
"07/26/2022","6,442.0","6,456.0","6,492.0","6,394.0","3.02K","0.25%"
"07/25/2022","6,426.0","6,426.0","6,494.0","6,394.0","1.56K","0.44%"
"07/22/2022","6,398.0","6,380.0","6,436.0","6,370.0","1.12K","-0.16%"
"07/21/2022","6,408.0","6,372.0","6,500.0","6,360.0","1.37K","0.98%"
"07/20/2022","6,346.0","6,296.0","6,410.0","6,256.0","1.39K","0.19%"
"07/19/2022","6,334.0","6,362.0","6,436.0","6,282.0","0.89K","0.06%"
"07/18/2022","6,330.0","6,110.0","6,636.0","6,110.0","3.44K","2.99%"
"07/15/2022","6,146.0","6,120.0","6,196.0","6,062.0","1.07K","0.72%"
"07/14/2022","6,102.0","6,110.0","6,152.0","6,006.0","1.02K","-0.33%"
"07/13/2022","6,122.0","6,154.0","6,184.0","6,030.0","0.20K","-2.14%"
"07/12/2022","6,256.0","6,310.0","6,330.0","6,190.0","0.23K","-3.04%"
"07/11/2022","6,452.0","6,464.0","6,538.0","6,300.0","0.42K","-1.44%"
"07/08/2022","6,546.0","6,514.0","6,600.0","6,462.0","0.43K","0.34%"
"07/07/2022","6,524.0","6,538.0","6,610.0","6,402.0","0.53K","0.43%"
"07/06/2022","6,496.0","6,610.0","6,612.0","6,414.0","0.45K","-3.62%"
"07/05/2022","6,740.0","6,674.0","6,800.0","6,652.0","0.25K","0.30%"
"07/04/2022","6,720.0","6,722.0","6,818.0","6,650.0","0.89K","-1.23%"
"07/01/2022","6,804.0","6,848.0","6,880.0","6,702.0","0.30K","-1.10%"
"06/30/2022","6,880.0","6,912.0","6,912.0","6,802.0","0.48K","0.35%"
"06/29/2022","6,856.0","6,854.0","6,896.0","6,810.0","0.13K","-0.06%"
"06/28/2022","6,860.0","6,808.0","6,928.0","6,750.0","0.33K","3.25%"
"06/27/2022","6,644.0","6,440.0","6,750.0","6,404.0","0.29K","1.62%"
"06/24/2022","6,538.0","6,618.0","6,632.0","6,482.0","0.04K","-1.00%"
"06/23/2022","6,604.0","6,682.0","6,710.0","6,366.0","0.10K","-1.99%"
"06/22/2022","6,738.0","6,860.0","6,878.0","6,662.0","0.08K","-1.32%"
"06/21/2022","6,828.0","6,886.0","6,896.0","6,678.0","0.05K","-0.64%"
"06/20/2022","6,872.0","6,922.0","6,952.0","6,834.0","0.09K","-0.87%"
"06/17/2022","6,932.0","6,920.0","6,978.0","6,880.0","0.08K","-0.37%"
"06/16/2022","6,958.0","6,906.0","6,984.0","6,906.0","0.07K","0.61%"
"06/15/2022","6,916.0","6,940.0","6,940.0","6,892.0","0.02K","-0.55%"
"06/14/2022","6,954.0","7,018.0","7,018.0","6,888.0","0.05K","-1.56%"
"06/13/2022","7,064.0","7,116.0","7,124.0","7,018.0","0.03K","-0.56%"
"06/10/2022","7,104.0","7,012.0","7,150.0","7,012.0","0.03K","0.00%"
"06/09/2022","7,104.0","7,148.0","7,178.0","7,024.0","0.05K","-1.00%"
"06/08/2022","7,176.0","7,168.0","7,198.0","7,132.0","0.07K","0.28%"
"06/07/2022","7,156.0","7,126.0","7,206.0","7,118.0","0.04K","-0.25%"
"06/06/2022","7,174.0","7,194.0","7,200.0","7,124.0","0.01K","0.99%"
"06/02/2022","7,104.0","7,074.0","7,174.0","7,034.0","0.05K","1.63%"
"06/01/2022","6,990.0","7,018.0","7,018.0","6,958.0","0.02K","-1.08%"
"05/31/2022","7,066.0","7,174.0","7,174.0","6,962.0","0.08K","-1.92%"
"05/30/2022","7,204.0","7,100.0","7,246.0","7,100.0","0.17K","1.38%"
"05/27/2022","7,106.0","7,130.0","7,162.0","7,022.0","0.03K","0.37%"
"05/26/2022","7,080.0","7,048.0","7,122.0","7,022.0","0.17K","-0.31%"
"05/25/2022","7,102.0","6,952.0","7,136.0","6,952.0","0.55K","1.52%"
"05/24/2022","6,996.0","7,010.0","7,050.0","6,926.0","0.05K","0.63%"
"05/23/2022","6,952.0","6,994.0","7,000.0","6,796.0","0.04K","-0.09%"
"05/20/2022","6,958.0","6,970.0","6,980.0","6,906.0","0.00K","1.28%"
"05/19/2022","6,870.0","6,846.0","6,950.0","6,824.0","0.01K","-1.18%"
"05/18/2022","6,952.0","6,938.0","7,022.0","6,930.0","0.01K","-0.57%"
"05/17/2022","6,992.0","6,986.0","7,046.0","6,912.0","0.01K","-2.16%"
"05/16/2022","7,146.0","7,152.0","7,232.0","7,076.0","1.49K","0.17%"
"05/13/2022","7,134.0","7,152.0","7,192.0","7,090.0","1.80K","-0.89%"
"05/12/2022","7,198.0","7,150.0","7,246.0","7,140.0","1.06K","-0.08%"
"05/11/2022","7,204.0","7,236.0","7,290.0","7,154.0","1.22K","-0.17%"
"05/10/2022","7,216.0","7,252.0","7,280.0","7,090.0","4.09K","-1.37%"
"05/09/2022","7,316.0","7,200.0","7,400.0","7,104.0","2.44K","1.87%"
"05/06/2022","7,182.0","7,252.0","7,256.0","7,130.0","1.18K","-1.32%"
"05/05/2022","7,278.0","7,238.0","7,428.0","7,194.0","0.48K","1.03%"
"04/29/2022","7,204.0","7,184.0","7,230.0","7,158.0","0.71K","1.35%"
"04/28/2022","7,108.0","7,082.0","7,196.0","7,068.0","1.01K","3.34%"
"04/27/2022","6,878.0","6,820.0","7,082.0","6,790.0","0.43K","1.12%"
"04/26/2022","6,802.0","6,874.0","6,874.0","6,710.0","0.33K","-2.47%"
"04/25/2022","6,974.0","7,230.0","7,248.0","6,836.0","2.05K","-3.65%"
"04/22/2022","7,238.0","7,250.0","7,276.0","7,200.0","0.88K","0.70%"
"04/21/2022","7,188.0","7,140.0","7,240.0","7,116.0","0.78K","0.70%"
"04/20/2022","7,138.0","7,158.0","7,198.0","7,092.0","0.21K","-0.47%"
"04/19/2022","7,172.0","7,040.0","7,230.0","7,030.0","0.67K","1.88%"
"04/18/2022","7,040.0","7,000.0","7,088.0","7,000.0","0.89K","0.11%"
"04/15/2022","7,032.0","6,982.0","7,142.0","6,968.0","0.47K","0.46%"
"04/14/2022","7,000.0","6,996.0","7,040.0","6,960.0","0.67K","-0.11%"
"04/13/2022","7,008.0","7,052.0","7,070.0","6,956.0","0.43K","-0.23%"
"04/12/2022","7,024.0","7,060.0","7,136.0","6,872.0","0.81K","1.68%"
"04/11/2022","6,908.0","6,910.0","7,070.0","6,646.0","3.00K","1.17%"
"04/08/2022","6,828.0","6,838.0","6,910.0","6,766.0","0.92K","-2.87%"
"04/07/2022","7,030.0","7,044.0","7,048.0","6,814.0","1.97K","0.43%"
"04/06/2022","7,000.0","6,902.0","7,060.0","6,896.0","0.16K","1.48%"
"04/01/2022","6,898.0","6,870.0","6,956.0","6,842.0","0.12K","0.32%"
"03/31/2022","6,876.0","6,950.0","6,962.0","6,778.0","0.32K","-0.64%"
"03/30/2022","6,920.0","6,924.0","7,000.0","6,862.0","0.08K","-1.45%"
"03/29/2022","7,022.0","7,122.0","7,122.0","6,980.0","2.13K","1.89%"
"03/28/2022","6,892.0","6,846.0","7,030.0","6,750.0","0.25K","-0.03%"
"03/25/2022","6,894.0","7,104.0","7,104.0","6,828.0","0.18K","-3.15%"
"03/24/2022","7,118.0","7,150.0","7,160.0","7,052.0","0.03K","0.48%"
"03/23/2022","7,084.0","7,050.0","7,142.0","7,024.0","0.08K","1.55%"
"03/22/2022","6,976.0","6,834.0","7,078.0","6,806.0","0.15K","3.29%"
"03/21/2022","6,754.0","6,802.0","6,834.0","6,704.0","1.56K","-0.82%"
"03/18/2022","6,810.0","6,788.0","6,854.0","6,788.0","0.02K","-0.41%"
"03/17/2022","6,838.0","6,866.0","6,926.0","6,740.0","0.14K","1.39%"
"03/16/2022","6,744.0","6,682.0","6,888.0","6,634.0","0.06K","-0.65%"
"03/15/2022","6,788.0","6,808.0","6,850.0","6,680.0","2.07K","-1.28%"
"03/14/2022","6,876.0","6,960.0","6,974.0","6,822.0","0.06K","-3.26%"
"03/11/2022","7,108.0","7,102.0","7,216.0","7,042.0","0.18K","0.65%"
"03/10/2022","7,062.0","7,152.0","7,152.0","6,976.0","0.89K","-0.48%"
"03/09/2022","7,096.0","7,030.0","7,166.0","7,028.0","0.05K","1.69%"
"03/08/2022","6,978.0","6,912.0","7,100.0","6,886.0","0.05K","3.68%"
"03/07/2022","6,730.0","6,722.0","6,998.0","6,722.0","0.53K","-0.15%"
"03/04/2022","6,740.0","6,740.0","6,760.0","6,722.0","0.01K","0.06%"
"03/03/2022","6,736.0","6,696.0","6,780.0","6,696.0","0.02K","2.37%"
"03/02/2022","6,580.0","6,640.0","6,658.0","6,566.0","0.71K","0.83%"
"03/01/2022","6,526.0","6,564.0","6,598.0","6,510.0","0.03K","-0.55%"
"02/28/2022","6,562.0","6,524.0","6,596.0","6,514.0","0.01K","-0.36%"
"02/25/2022","6,586.0","6,582.0","6,626.0","6,510.0","0.02K","0.34%"
"02/24/2022","6,564.0","6,500.0","6,666.0","6,488.0","0.04K","1.64%"
"02/23/2022","6,458.0","6,440.0","6,536.0","6,396.0","0.04K","0.44%"
"02/22/2022","6,430.0","6,406.0","6,458.0","6,390.0","0.02K","1.32%"
"02/21/2022","6,346.0","6,340.0","6,396.0","6,332.0","0.12K","0.16%"
"02/18/2022","6,336.0","6,296.0","6,358.0","6,296.0","0.01K","0.83%"
"02/17/2022","6,284.0","6,330.0","6,330.0","6,266.0","0.02K","-0.63%"
"02/16/2022","6,324.0","6,316.0","6,344.0","6,248.0","0.02K","1.02%"
"02/15/2022","6,260.0","6,274.0","6,300.0","6,216.0","0.01K","-1.17%"
"02/14/2022","6,334.0","6,350.0","6,362.0","6,302.0","0.02K","0.92%"
"02/11/2022","6,276.0","6,302.0","6,302.0","6,240.0","0.01K","-0.32%"
"02/10/2022","6,296.0","6,302.0","6,342.0","6,252.0","0.03K","0.74%"
"02/09/2022","6,250.0","6,298.0","6,298.0","6,236.0","0.01K","-0.79%"
"02/08/2022","6,300.0","6,286.0","6,350.0","6,280.0","0.01K","-0.60%"
"02/07/2022","6,338.0","6,300.0","6,400.0","6,300.0","0.03K","2.86%"
"01/28/2022","6,162.0","6,066.0","6,210.0","6,066.0","0.01K","2.97%"
"01/27/2022","5,984.0","5,984.0","5,984.0","5,984.0","0.00K","-0.96%"
"01/26/2022","6,042.0","6,042.0","6,096.0","6,030.0","0.01K","0.03%"
"01/25/2022","6,040.0","6,018.0","6,100.0","6,008.0","0.06K","-1.44%"
"01/24/2022","6,128.0","6,232.0","6,264.0","6,070.0","0.01K","-0.87%"
"01/21/2022","6,182.0","6,054.0","6,310.0","6,052.0","0.03K","0.42%"
"01/20/2022","6,156.0","6,176.0","6,186.0","6,120.0","0.03K","2.06%"
"01/19/2022","6,032.0","6,024.0","6,040.0","6,024.0","0.00K","1.00%"
"01/18/2022","5,972.0","5,926.0","6,052.0","5,914.0","0.00K","-1.91%"
"01/17/2022","6,088.0","6,218.0","6,222.0","6,040.0","4.90K","-1.81%"
"01/14/2022","6,200.0","6,124.0","6,248.0","6,090.0","6.37K","0.88%"
"01/13/2022","6,146.0","6,138.0","6,200.0","6,092.0","3.31K","1.62%"
"01/12/2022","6,048.0","6,006.0","6,156.0","5,986.0","3.04K","0.37%"
"01/11/2022","6,026.0","6,120.0","6,124.0","5,962.0","3.89K","-2.14%"
"01/10/2022","6,158.0","6,130.0","6,200.0","6,108.0","6.62K","1.42%"
"01/07/2022","6,072.0","5,974.0","6,138.0","5,964.0","4.20K","1.64%"
"01/06/2022","5,974.0","6,028.0","6,058.0","5,948.0","6.36K","-1.29%"
"01/05/2022","6,052.0","6,054.0","6,084.0","6,004.0","3.09K","0.46%"
"01/04/2022","6,024.0","6,032.0","6,068.0","5,956.0","1.89K","0.57%"
"12/31/2021","5,990.0","5,988.0","6,032.0","5,950.0","3.51K","0.84%"
"12/30/2021","5,940.0","5,874.0","6,018.0","5,874.0","7.66K","1.82%"
"12/29/2021","5,834.0","5,780.0","5,898.0","5,756.0","3.76K","0.24%"
"12/28/2021","5,820.0","5,750.0","5,912.0","5,734.0","4.94K","0.90%"
"12/27/2021","5,768.0","5,830.0","5,832.0","5,718.0","2.69K","-0.03%"
"12/24/2021","5,770.0","5,754.0","5,828.0","5,712.0","5.46K","2.20%"
"12/23/2021","5,646.0","5,526.0","5,752.0","5,494.0","6.17K","3.26%"
"12/22/2021","5,468.0","5,420.0","5,542.0","5,332.0","4.68K","0.70%"
"12/21/2021","5,430.0","5,432.0","5,460.0","5,392.0","2.05K","0.00%"
"12/20/2021","5,430.0","5,376.0","5,484.0","5,360.0","3.46K","-0.66%"
"12/17/2021","5,466.0","5,578.0","5,622.0","5,372.0","4.75K","-1.94%"
"12/16/2021","5,574.0","5,548.0","5,622.0","5,518.0","2.64K","0.36%"
"12/15/2021","5,554.0","5,564.0","5,592.0","5,504.0","3.07K","0.25%"
"12/14/2021","5,540.0","5,528.0","5,600.0","5,472.0","2.69K","-0.11%"
"12/13/2021","5,546.0","5,612.0","5,622.0","5,500.0","2.28K","-1.21%"
"12/10/2021","5,614.0","5,734.0","5,734.0","5,550.0","3.30K","-2.57%"
"12/09/2021","5,762.0","5,758.0","5,842.0","5,712.0","0.93K","0.49%"
"12/08/2021","5,734.0","5,700.0","5,828.0","5,642.0","2.12K","3.09%"
"12/07/2021","5,562.0","5,482.0","5,700.0","5,460.0","3.41K","2.51%"
"12/06/2021","5,426.0","5,482.0","5,482.0","5,382.0","2.12K","0.18%"
"12/03/2021","5,416.0","5,512.0","5,518.0","5,260.0","3.20K","-1.71%"
"12/02/2021","5,510.0","5,502.0","5,602.0","5,410.0","3.77K","1.85%"
"12/01/2021","5,410.0","5,226.0","5,590.0","5,208.0","1.46K","2.62%"
"11/30/2021","5,272.0","5,416.0","5,416.0","5,162.0","1.26K","-1.38%"
"11/29/2021","5,346.0","5,286.0","5,380.0","5,260.0","0.53K","1.21%"
"11/26/2021","5,282.0","5,286.0","5,320.0","5,224.0","0.37K","1.07%"
"11/25/2021","5,226.0","5,210.0","5,270.0","5,194.0","0.36K","0.54%"
"11/24/2021","5,198.0","5,208.0","5,234.0","5,152.0","0.49K","0.27%"
"11/23/2021","5,184.0","5,216.0","5,216.0","5,168.0","0.22K","0.66%"
"11/22/2021","5,150.0","5,090.0","5,206.0","5,090.0","0.44K","1.18%"
"11/19/2021","5,090.0","5,064.0","5,130.0","5,036.0","0.39K","1.23%"
"11/18/2021","5,028.0","4,970.0","5,068.0","4,964.0","0.86K","1.74%"
"11/17/2021","4,942.0","4,964.0","4,982.0","4,920.0","0.29K","-0.48%"
"11/16/2021","4,966.0","4,928.0","4,984.0","4,928.0","0.12K","0.32%"
"11/15/2021","4,950.0","4,960.0","4,992.0","4,920.0","0.19K","-0.04%"
"11/12/2021","4,952.0","4,964.0","4,984.0","4,930.0","0.45K","-0.68%"
"11/11/2021","4,986.0","4,980.0","5,008.0","4,964.0","0.24K","-0.32%"
"11/10/2021","5,002.0","5,076.0","5,082.0","4,960.0","0.63K","-2.08%"
"11/09/2021","5,108.0","5,122.0","5,138.0","5,078.0","0.11K","-0.04%"
"11/08/2021","5,110.0","5,076.0","5,152.0","5,028.0","0.30K","1.23%"
"11/05/2021","5,048.0","5,068.0","5,072.0","5,000.0","0.28K","0.08%"
"11/04/2021","5,044.0","5,022.0","5,074.0","5,014.0","0.26K","0.48%"
"11/03/2021","5,020.0","4,988.0","5,054.0","4,982.0","0.36K","-0.16%"
"11/02/2021","5,028.0","5,082.0","5,130.0","4,920.0","2.20K","-0.98%"
"11/01/2021","5,078.0","5,066.0","5,136.0","5,018.0","1.01K","-0.20%"
"10/29/2021","5,088.0","5,010.0","5,128.0","5,010.0","0.77K","2.17%"
"10/28/2021","4,980.0","5,066.0","5,066.0","4,918.0","0.47K","-2.05%"
"10/27/2021","5,084.0","5,066.0","5,118.0","5,044.0","0.39K","-0.20%"
"10/26/2021","5,094.0","5,130.0","5,172.0","5,050.0","0.34K","-2.19%"
"10/25/2021","5,208.0","5,356.0","5,360.0","5,094.0","0.60K","-2.76%"
"10/22/2021","5,356.0","5,400.0","5,408.0","5,318.0","0.39K","-1.18%"
"10/21/2021","5,420.0","5,430.0","5,456.0","5,384.0","0.12K","0.44%"
"10/20/2021","5,396.0","5,362.0","5,444.0","5,346.0","0.14K","1.05%"
"10/19/2021","5,340.0","5,388.0","5,392.0","5,302.0","0.24K","-1.11%"
"10/18/2021","5,400.0","5,426.0","5,444.0","5,362.0","0.17K","-0.44%"
"10/15/2021","5,424.0","5,472.0","5,472.0","5,390.0","0.10K","-1.02%"
"10/14/2021","5,480.0","5,436.0","5,502.0","5,436.0","0.09K","0.81%"
"10/13/2021","5,436.0","5,458.0","5,474.0","5,406.0","0.13K","-1.16%"
"10/12/2021","5,500.0","5,502.0","5,540.0","5,466.0","0.13K","-0.04%"
"10/11/2021","5,502.0","5,534.0","5,548.0","5,446.0","0.16K","1.18%"
"10/08/2021","5,438.0","5,380.0","5,508.0","5,380.0","0.05K","1.12%"
"09/30/2021","5,378.0","5,356.0","5,408.0","5,344.0","0.03K","-0.11%"
"09/29/2021","5,384.0","5,378.0","5,400.0","5,344.0","0.01K","-0.48%"
"09/28/2021","5,410.0","5,436.0","5,460.0","5,370.0","0.04K","-0.84%"
"09/27/2021","5,456.0","5,438.0","5,480.0","5,438.0","0.04K","-0.04%"
"09/24/2021","5,458.0","5,328.0","5,508.0","5,328.0","0.02K","-0.58%"
"09/23/2021","5,490.0","5,452.0","5,538.0","5,452.0","0.02K","-0.22%"
"09/22/2021","5,502.0","5,532.0","5,532.0","5,482.0","0.00K","0.22%"
"09/17/2021","5,490.0","5,474.0","5,500.0","5,474.0","0.01K","-0.18%"
"09/16/2021","5,500.0","5,588.0","5,588.0","5,400.0","0.01K","-2.90%"
"09/15/2021","5,664.0","5,660.0","5,682.0","5,614.0","0.09K","0.60%"
"09/14/2021","5,630.0","5,652.0","5,684.0","5,604.0","0.12K","-1.12%"
"09/13/2021","5,694.0","5,738.0","5,748.0","5,622.0","0.05K","-0.73%"
"09/10/2021","5,736.0","5,760.0","5,786.0","5,680.0","0.09K","0.07%"
"09/09/2021","5,732.0","5,722.0","5,754.0","5,706.0","0.03K","-0.62%"
"09/08/2021","5,768.0","5,782.0","5,788.0","5,736.0","0.03K","-1.17%"
"09/07/2021","5,836.0","5,892.0","5,900.0","5,800.0","0.04K","-0.71%"
"09/06/2021","5,878.0","5,894.0","5,920.0","5,844.0","0.02K","0.03%"
"09/03/2021","5,876.0","5,850.0","5,938.0","5,842.0","0.03K","1.24%"
"09/02/2021","5,804.0","5,802.0","5,850.0","5,780.0","0.02K","0.10%"
"09/01/2021","5,798.0","5,852.0","5,852.0","5,740.0","0.03K","-1.53%"
"08/31/2021","5,888.0","5,912.0","5,936.0","5,848.0","0.01K","-0.30%"
"08/30/2021","5,906.0","5,858.0","5,948.0","5,858.0","0.04K","0.96%"
"08/27/2021","5,850.0","5,868.0","5,870.0","5,804.0","0.04K","-0.65%"
"08/26/2021","5,888.0","6,000.0","6,000.0","5,856.0","0.07K","-0.94%"
"08/25/2021","5,944.0","5,942.0","5,974.0","5,922.0","0.03K","-0.30%"
"08/24/2021","5,962.0","5,918.0","5,990.0","5,918.0","0.03K","1.39%"
"08/23/2021","5,880.0","5,872.0","5,924.0","5,850.0","0.07K","-1.14%"
"08/20/2021","5,948.0","5,990.0","5,998.0","5,908.0","0.02K","-1.10%"
"08/19/2021","6,014.0","6,060.0","6,060.0","5,964.0","0.05K","-1.09%"
"08/18/2021","6,080.0","6,106.0","6,106.0","6,042.0","0.00K","0.40%"
"08/17/2021","6,056.0","6,116.0","6,136.0","5,998.0","0.07K","-1.37%"
"08/16/2021","6,140.0","6,078.0","6,148.0","6,078.0","0.03K","0.72%"
"08/13/2021","6,096.0","6,126.0","6,134.0","6,060.0","0.09K","0.46%"
"08/12/2021","6,068.0","6,098.0","6,118.0","6,048.0","0.06K","-0.49%"
"08/11/2021","6,098.0","6,068.0","6,130.0","6,064.0","0.04K","0.63%"
"08/10/2021","6,060.0","6,040.0","6,128.0","6,002.0","0.02K","0.66%"
"08/09/2021","6,020.0","6,060.0","6,060.0","5,992.0","0.00K","-0.92%"
"08/06/2021","6,076.0","6,076.0","6,076.0","6,076.0","0.00K","-0.10%"
"08/05/2021","6,082.0","6,090.0","6,100.0","6,058.0","0.02K","1.03%"
"08/04/2021","6,020.0","5,988.0","6,084.0","5,972.0","0.04K","1.28%"
"08/03/2021","5,944.0","5,942.0","5,972.0","5,920.0","0.02K","-0.77%"
"08/02/2021","5,990.0","6,020.0","6,030.0","5,956.0","0.02K","-1.61%"
"07/30/2021","6,088.0","6,074.0","6,140.0","6,038.0","0.03K","0.76%"
"07/29/2021","6,042.0","6,078.0","6,078.0","5,996.0","0.02K","0.60%"
"07/28/2021","6,006.0","5,952.0","6,068.0","5,952.0","0.01K","-0.30%"
"07/27/2021","6,024.0","6,026.0","6,042.0","6,012.0","0.01K","-0.03%"
"07/26/2021","6,026.0","6,038.0","6,050.0","5,988.0","0.02K","1.18%"
"07/23/2021","5,956.0","6,018.0","6,018.0","5,918.0","0.05K","-1.42%"
"07/22/2021","6,042.0","6,036.0","6,066.0","6,012.0","0.01K","0.17%"
"07/21/2021","6,032.0","5,980.0","6,088.0","5,972.0","0.03K","0.30%"
"07/20/2021","6,014.0","6,196.0","6,200.0","5,906.0","0.07K","-3.37%"
"07/19/2021","6,224.0","6,130.0","6,250.0","6,130.0","0.05K","2.00%"
"07/16/2021","6,102.0","6,128.0","6,128.0","6,064.0","0.01K","0.99%"
"07/15/2021","6,042.0","6,000.0","6,064.0","6,000.0","0.01K","0.43%"
"07/14/2021","6,016.0","6,016.0","6,052.0","5,976.0","0.01K","-0.86%"
"07/13/2021","6,068.0","6,160.0","6,160.0","6,010.0","0.01K","-1.46%"
"07/12/2021","6,158.0","6,160.0","6,208.0","6,102.0","0.02K","0.72%"
"07/09/2021","6,114.0","6,064.0","6,174.0","6,064.0","0.06K","1.12%"
"07/08/2021","6,046.0","6,072.0","6,088.0","5,992.0","0.03K","0.97%"
"07/07/2021","5,988.0","6,026.0","6,028.0","5,926.0","0.03K","-0.86%"
"07/06/2021","6,040.0","6,024.0","6,090.0","6,000.0","0.01K","0.53%"
"07/05/2021","6,008.0","5,984.0","6,052.0","5,916.0","0.02K","0.07%"
"07/02/2021","6,004.0","5,998.0","6,046.0","5,976.0","0.02K","0.64%"
"07/01/2021","5,966.0","5,980.0","5,980.0","5,954.0","0.00K","0.20%"
"06/30/2021","5,954.0","5,934.0","5,968.0","5,934.0","0.01K","0.85%"
"06/29/2021","5,904.0","5,964.0","5,964.0","5,870.0","0.01K","-0.14%"
"06/28/2021","5,912.0","5,860.0","5,950.0","5,860.0","0.02K","-0.14%"
"06/25/2021","5,920.0","5,786.0","5,968.0","5,786.0","0.02K","0.65%"
"06/24/2021","5,882.0","5,816.0","5,920.0","5,816.0","0.05K","2.47%"
"06/23/2021","5,740.0","5,714.0","5,788.0","5,666.0","0.06K","2.54%"
"06/22/2021","5,598.0","5,570.0","5,700.0","5,538.0","0.04K","0.50%"
"06/21/2021","5,570.0","5,576.0","5,578.0","5,550.0","0.02K","-0.50%"
"06/18/2021","5,598.0","5,630.0","5,638.0","5,550.0","0.04K","-1.62%"
"06/17/2021","5,690.0","5,720.0","5,720.0","5,650.0","0.05K","-1.22%"
"06/16/2021","5,760.0","5,788.0","5,826.0","5,716.0","0.03K","-1.03%"
"06/15/2021","5,820.0","5,950.0","6,012.0","5,730.0","0.04K","-1.82%"
"06/11/2021","5,928.0","5,940.0","5,968.0","5,908.0","0.01K","-0.70%"
"06/10/2021","5,970.0","6,032.0","6,032.0","5,928.0","0.02K","-0.47%"
"06/09/2021","5,998.0","6,028.0","6,118.0","5,880.0","0.04K","-2.38%"
"06/08/2021","6,144.0","6,162.0","6,204.0","6,026.0","0.01K","-1.44%"
"06/07/2021","6,234.0","6,250.0","6,250.0","6,168.0","0.02K","1.04%"
"06/04/2021","6,170.0","6,134.0","6,236.0","6,098.0","0.03K","0.62%"
"06/03/2021","6,132.0","6,156.0","6,158.0","6,080.0","0.01K","-0.49%"
"06/02/2021","6,162.0","6,236.0","6,248.0","6,088.0","0.01K","-0.23%"
"06/01/2021","6,176.0","6,174.0","6,180.0","6,174.0","0.00K","-0.68%"
"05/31/2021","6,218.0","6,238.0","6,248.0","6,182.0","0.01K","1.77%"
"05/28/2021","6,110.0","5,962.0","6,184.0","5,962.0","0.04K","0.23%"
"05/27/2021","6,096.0","6,102.0","6,208.0","6,014.0","0.03K","-1.30%"
"05/26/2021","6,176.0","6,246.0","6,272.0","6,100.0","0.02K","-1.28%"
"05/25/2021","6,256.0","6,298.0","6,336.0","6,206.0","0.02K","-0.95%"
"05/24/2021","6,316.0","6,284.0","6,360.0","6,262.0","0.02K","-1.40%"
"05/21/2021","6,406.0","6,402.0","6,410.0","6,402.0","0.00K","-0.40%"
"05/20/2021","6,432.0","6,554.0","6,554.0","6,372.0","0.01K","-1.65%"
"05/19/2021","6,540.0","6,534.0","6,586.0","6,492.0","0.01K","0.46%"
"05/18/2021","6,510.0","6,462.0","6,560.0","6,462.0","0.01K","-1.06%"
"05/17/2021","6,580.0","6,672.0","6,704.0","6,520.0","0.37K","-1.29%"
"05/14/2021","6,666.0","6,746.0","6,746.0","6,610.0","0.25K","-0.95%"
"05/13/2021","6,730.0","6,740.0","6,786.0","6,646.0","0.13K","-0.41%"
"05/12/2021","6,758.0","6,714.0","6,786.0","6,714.0","0.09K","0.30%"
"05/11/2021","6,738.0","6,714.0","6,770.0","6,674.0","0.22K","-0.50%"
"05/10/2021","6,772.0","6,776.0","6,814.0","6,712.0","0.22K","-0.21%"
"05/07/2021","6,786.0","6,812.0","6,908.0","6,696.0","0.86K","0.12%"
"05/06/2021","6,778.0","6,800.0","6,852.0","6,622.0","0.17K","-0.09%"
"04/30/2021","6,784.0","6,710.0","6,840.0","6,710.0","0.11K","0.86%"
"04/29/2021","6,726.0","6,788.0","6,788.0","6,680.0","0.05K","-1.06%"
"04/28/2021","6,798.0","6,788.0","6,814.0","6,746.0","0.30K","1.04%"
"04/27/2021","6,728.0","6,766.0","6,766.0","6,714.0","0.22K","0.12%"
"04/26/2021","6,720.0","6,646.0","6,760.0","6,644.0","0.28K","1.73%"
"04/23/2021","6,606.0","6,628.0","6,652.0","6,582.0","0.15K","-0.18%"
"04/22/2021","6,618.0","6,616.0","6,668.0","6,588.0","0.22K","-0.90%"
"04/21/2021","6,678.0","6,720.0","6,744.0","6,640.0","0.33K","-0.68%"
"04/20/2021","6,724.0","6,708.0","6,770.0","6,644.0","0.11K","0.48%"
"04/19/2021","6,692.0","6,642.0","6,742.0","6,582.0","0.22K","1.09%"
"04/16/2021","6,620.0","6,566.0","6,656.0","6,534.0","0.43K","2.19%"
"04/15/2021","6,478.0","6,434.0","6,532.0","6,406.0","0.67K","-0.37%"
"04/14/2021","6,502.0","6,606.0","6,606.0","6,450.0","0.84K","-1.51%"
"04/13/2021","6,602.0","6,448.0","6,684.0","6,448.0","0.57K","2.87%"
"04/12/2021","6,418.0","6,522.0","6,522.0","6,386.0","0.12K","-2.22%"
"04/09/2021","6,564.0","6,666.0","6,666.0","6,488.0","0.14K","-1.26%"
"04/08/2021","6,648.0","6,672.0","6,672.0","6,622.0","0.18K","0.15%"
"04/07/2021","6,638.0","6,658.0","6,682.0","6,564.0","0.16K","-0.60%"
"04/06/2021","6,678.0","6,668.0","6,738.0","6,600.0","0.20K","-0.36%"
"04/02/2021","6,702.0","6,576.0","6,840.0","6,468.0","1.16K","3.65%"
"04/01/2021","6,466.0","6,296.0","6,620.0","6,296.0","0.53K","-0.19%"
"03/31/2021","6,478.0","6,678.0","6,678.0","6,356.0","0.72K","-4.20%"
"03/30/2021","6,762.0","6,916.0","6,916.0","6,586.0","0.20K","-3.40%"
"03/29/2021","7,000.0","6,982.0","7,036.0","6,948.0","0.02K","0.69%"
"03/26/2021","6,952.0","6,990.0","7,000.0","6,924.0","0.29K","-1.19%"
"03/25/2021","7,036.0","7,108.0","7,108.0","7,012.0","0.13K","0.00%"
"03/24/2021","7,036.0","7,066.0","7,086.0","6,986.0","0.14K","-0.59%"
"03/23/2021","7,078.0","7,080.0","7,138.0","7,038.0","0.15K","0.88%"
"03/22/2021","7,016.0","6,902.0","7,080.0","6,902.0","0.10K","0.57%"
"03/19/2021","6,976.0","7,096.0","7,096.0","6,904.0","0.19K","-0.85%"
"03/18/2021","7,036.0","6,994.0","7,098.0","6,980.0","0.09K","1.32%"
"03/17/2021","6,944.0","6,930.0","6,992.0","6,906.0","0.11K","1.43%"
"03/16/2021","6,846.0","6,944.0","6,944.0","6,762.0","0.15K","-2.26%"
"03/15/2021","7,004.0","7,104.0","7,142.0","6,880.0","0.23K","-1.93%"
"03/12/2021","7,142.0","7,112.0","7,182.0","7,090.0","0.06K","0.88%"
"03/11/2021","7,080.0","7,060.0","7,126.0","7,022.0","0.11K","-0.28%"
"03/10/2021","7,100.0","7,060.0","7,186.0","7,038.0","0.07K","-0.89%"
"03/09/2021","7,164.0","7,080.0","7,248.0","7,068.0","0.17K","0.73%"
"03/08/2021","7,112.0","7,128.0","7,250.0","7,044.0","0.15K","0.20%"
"03/05/2021","7,098.0","7,100.0","7,188.0","7,020.0","0.15K","-1.61%"
"03/04/2021","7,214.0","7,212.0","7,264.0","7,172.0","0.05K","-0.96%"
"03/03/2021","7,284.0","7,204.0","7,348.0","7,202.0","0.40K","3.09%"
"03/02/2021","7,066.0","7,166.0","7,166.0","6,988.0","0.19K","-1.94%"
"03/01/2021","7,206.0","7,154.0","7,296.0","7,150.0","0.06K","0.53%"
"02/26/2021","7,168.0","7,162.0","7,232.0","7,034.0","0.05K","0.11%"
"02/25/2021","7,160.0","7,024.0","7,224.0","7,024.0","0.33K","2.23%"
"02/24/2021","7,004.0","6,956.0","7,050.0","6,954.0","0.10K","1.57%"
"02/23/2021","6,896.0","6,754.0","7,000.0","6,704.0","0.30K","4.33%"
"02/22/2021","6,610.0","6,598.0","6,740.0","6,568.0","0.30K","1.44%"
"02/19/2021","6,516.0","6,484.0","6,600.0","6,426.0","0.11K","1.37%"
"02/18/2021","6,428.0","6,464.0","6,528.0","6,292.0","0.04K","1.87%"
"02/10/2021","6,310.0","6,328.0","6,330.0","6,256.0","0.01K","1.09%"
"02/09/2021","6,242.0","6,158.0","6,368.0","6,158.0","0.07K","1.60%"
"02/08/2021","6,144.0","6,126.0","6,198.0","6,026.0","0.02K","0.39%"
"02/05/2021","6,120.0","6,158.0","6,160.0","6,072.0","0.03K","0.72%"
"02/04/2021","6,076.0","6,054.0","6,090.0","6,026.0","0.03K","1.64%"
"02/03/2021","5,978.0","6,012.0","6,036.0","5,954.0","0.09K","-1.81%"
"02/02/2021","6,088.0","6,082.0","6,150.0","6,046.0","0.05K","-3.70%"
"02/01/2021","6,322.0","6,440.0","6,440.0","6,190.0","0.04K","-1.25%"
"01/29/2021","6,402.0","6,386.0","6,464.0","6,372.0","0.05K","0.13%"
"01/28/2021","6,394.0","6,428.0","6,450.0","6,344.0","0.05K","-0.87%"
"01/27/2021","6,450.0","6,448.0","6,486.0","6,430.0","0.05K","0.25%"
"01/26/2021","6,434.0","6,370.0","6,484.0","6,366.0","0.05K","1.23%"
"01/25/2021","6,356.0","6,330.0","6,382.0","6,330.0","0.02K","0.19%"
"01/22/2021","6,344.0","6,336.0","6,366.0","6,310.0","0.02K","0.38%"
"01/21/2021","6,320.0","6,314.0","6,360.0","6,312.0","0.02K","0.22%"
"01/20/2021","6,306.0","6,300.0","6,320.0","6,288.0","0.01K","0.10%"
"01/19/2021","6,300.0","6,396.0","6,396.0","6,182.0","0.11K","-1.44%"
"01/18/2021","6,392.0","6,328.0","6,418.0","6,328.0","0.02K","1.33%"
"01/15/2021","6,308.0","6,174.0","6,350.0","6,174.0","0.02K","1.06%"
"01/14/2021","6,242.0","6,282.0","6,290.0","6,198.0","0.03K","-0.83%"
"01/13/2021","6,294.0","6,340.0","6,384.0","6,224.0","0.02K","1.78%"
"01/12/2021","6,184.0","6,150.0","6,262.0","6,120.0","0.06K","-0.32%"
"01/11/2021","6,204.0","6,250.0","6,362.0","6,140.0","0.05K","-2.15%"
"01/08/2021","6,340.0","6,230.0","6,422.0","6,228.0","0.11K","2.46%"
"01/07/2021","6,188.0","6,178.0","6,228.0","6,176.0","0.02K","1.24%"
"01/06/2021","6,112.0","6,086.0","6,124.0","6,086.0","0.04K","0.69%"
"01/05/2021","6,070.0","6,000.0","6,110.0","6,000.0","0.03K","1.88%"
"01/04/2021","5,958.0","5,930.0","5,998.0","5,924.0","0.01K","0.57%"
"12/31/2020","5,924.0","5,916.0","5,976.0","5,900.0","0.02K","2.42%"
"12/30/2020","5,784.0","5,722.0","5,826.0","5,722.0","0.02K","-0.69%"
"12/29/2020","5,824.0","5,748.0","5,908.0","5,740.0","0.03K","1.08%"
"12/28/2020","5,762.0","5,790.0","5,794.0","5,740.0","0.03K","0.38%"
"12/25/2020","5,740.0","5,740.0","5,922.0","5,718.0","0.02K","1.77%"
"12/24/2020","5,640.0","5,654.0","5,656.0","5,604.0","0.01K","0.82%"
"12/23/2020","5,594.0","5,580.0","5,654.0","5,580.0","0.01K","1.16%"
"12/22/2020","5,530.0","5,518.0","5,556.0","5,518.0","0.01K","-0.22%"
"12/21/2020","5,542.0","5,540.0","5,546.0","5,540.0","0.00K","1.28%"
"12/18/2020","5,472.0","5,470.0","5,474.0","5,470.0","0.00K","-0.73%"
"12/17/2020","5,512.0","5,988.0","5,988.0","5,268.0","0.00K","0.80%"
"12/16/2020","5,468.0","5,250.0","5,294.0","5,212.0","8.40K","0.89%"
"12/15/2020","5,420.0","5,262.0","5,266.0","5,210.0","6.69K","0.00%"
"12/14/2020","5,420.0","5,436.0","5,442.0","5,394.0","0.01K","1.73%"
"12/11/2020","5,328.0","5,328.0","5,328.0","5,328.0","0.00K","-1.37%"
"12/10/2020","5,402.0","5,408.0","5,408.0","5,388.0","0.00K","0.93%"
"12/09/2020","5,352.0","5,352.0","5,352.0","5,352.0","0.00K","2.29%"
"12/08/2020","5,232.0","5,196.0","5,306.0","5,196.0","0.00K","0.69%"
"12/07/2020","5,196.0","5,196.0","5,196.0","5,196.0","0.00K","1.80%"
"12/04/2020","5,104.0","5,016.0","5,050.0","4,992.0","4.62K","0.00%"
"12/03/2020","5,104.0","5,026.0","5,038.0","4,990.0","7.56K","0.00%"
"12/02/2020","5,104.0","4,978.0","5,030.0","4,970.0","7.39K","0.00%"
"12/01/2020","5,104.0","4,936.0","4,986.0","4,912.0","5.12K","0.00%"
"11/30/2020","5,104.0","5,010.0","5,046.0","4,922.0","9.88K","0.00%"
"11/27/2020","5,104.0","5,010.0","5,036.0","4,978.0","2.90K","0.00%"
"11/26/2020","5,104.0","4,988.0","5,032.0","4,966.0","3.98K","0.00%"
"11/25/2020","5,104.0","4,988.0","5,010.0","4,976.0","2.92K","0.00%"
"11/24/2020","5,104.0","4,966.0","4,998.0","4,954.0","4.41K","0.00%"
"11/23/2020","5,104.0","4,944.0","4,998.0","4,906.0","6.28K","0.00%"
"11/20/2020","5,104.0","4,928.0","4,992.0","4,920.0","4.36K","0.00%"
"11/19/2020","5,104.0","4,914.0","4,950.0","4,900.0","2.47K","0.00%"
"11/18/2020","5,104.0","5,140.0","5,140.0","5,088.0","0.01K","1.43%"
"11/17/2020","5,032.0","5,022.0","5,104.0","5,022.0","0.02K","-0.32%"
"11/16/2020","5,048.0","5,048.0","5,048.0","5,048.0","0.00K","0.80%"
"11/13/2020","5,008.0","4,984.0","5,028.0","4,984.0","0.01K","0.36%"
"11/12/2020","4,990.0","4,990.0","4,990.0","4,990.0","0.00K","-0.40%"
"11/11/2020","5,010.0","5,010.0","5,018.0","4,994.0","0.00K","0.44%"
"11/10/2020","4,988.0","4,994.0","5,000.0","4,972.0","0.01K","-0.80%"
"11/09/2020","5,028.0","5,030.0","5,030.0","5,028.0","0.00K","1.58%"
"11/06/2020","4,950.0","4,946.0","4,988.0","4,946.0","0.01K","1.43%"
"11/05/2020","4,880.0","4,840.0","4,892.0","4,840.0","0.01K","0.41%"
"11/04/2020","4,860.0","4,738.0","4,748.0","4,720.0","0.48K","0.00%"
"11/03/2020","4,860.0","4,840.0","4,882.0","4,840.0","0.01K","-0.12%"
"11/02/2020","4,866.0","4,744.0","4,762.0","4,666.0","2.44K","-1.58%"
"10/30/2020","4,944.0","4,754.0","4,778.0","4,744.0","1.06K","0.00%"
"10/29/2020","4,944.0","4,772.0","4,784.0","4,764.0","0.35K","0.00%"
"10/28/2020","4,944.0","4,926.0","4,968.0","4,924.0","0.02K","0.00%"
"10/27/2020","4,944.0","4,944.0","4,944.0","4,944.0","0.00K","0.16%"
"10/26/2020","4,936.0","4,800.0","4,822.0","4,786.0","4.75K","-0.20%"
"10/23/2020","4,946.0","4,806.0","4,828.0","4,780.0","0.45K","-0.52%"
"10/22/2020","4,972.0","4,900.0","4,900.0","4,808.0","0.38K","-0.80%"
"10/21/2020","5,012.0","4,920.0","4,920.0","4,840.0","0.15K","0.00%"
"10/20/2020","5,012.0","4,910.0","4,934.0","4,910.0","0.12K","0.00%"
"10/19/2020","5,012.0","5,070.0","5,070.0","4,954.0","0.00K","0.76%"
"10/16/2020","4,974.0","4,856.0","4,930.0","4,832.0","0.18K","1.63%"
"10/15/2020","4,894.0","4,882.0","4,920.0","4,870.0","0.13K","0.66%"
"10/14/2020","4,862.0","4,868.0","4,882.0","4,850.0","0.04K","-0.49%"
"10/13/2020","4,886.0","4,882.0","4,916.0","4,844.0","0.10K","1.16%"
"10/12/2020","4,830.0","4,790.0","4,864.0","4,790.0","0.23K","1.05%"
"10/09/2020","4,780.0","4,790.0","4,790.0","4,764.0","0.07K","0.67%"
"09/30/2020","4,748.0","4,778.0","4,778.0","4,736.0","0.07K","-0.50%"
"09/29/2020","4,772.0","4,824.0","4,824.0","4,756.0","0.16K","-1.24%"
"09/28/2020","4,832.0","4,858.0","4,866.0","4,818.0","0.06K","-0.04%"
"09/25/2020","4,834.0","4,828.0","4,868.0","4,804.0","0.08K","0.00%"
"09/24/2020","4,834.0","4,832.0","4,852.0","4,824.0","0.02K","-0.58%"
"09/23/2020","4,862.0","4,886.0","4,900.0","4,832.0","0.08K","0.25%"
"09/22/2020","4,850.0","4,872.0","4,890.0","4,828.0","0.14K","-1.18%"
"09/21/2020","4,908.0","4,906.0","4,920.0","4,876.0","0.06K","0.53%"
"09/18/2020","4,882.0","4,886.0","4,912.0","4,854.0","0.07K","-0.08%"
"09/17/2020","4,886.0","4,906.0","4,918.0","4,872.0","0.05K","-0.41%"
"09/16/2020","4,906.0","4,946.0","4,946.0","4,886.0","0.12K","-1.57%"
"09/15/2020","4,984.0","4,990.0","5,020.0","4,930.0","0.10K","0.44%"
"09/14/2020","4,962.0","4,948.0","5,030.0","4,900.0","0.09K","0.40%"
"09/11/2020","4,942.0","4,970.0","4,970.0","4,914.0","0.09K","0.37%"
"09/10/2020","4,924.0","4,926.0","4,972.0","4,900.0","0.12K","0.24%"
"09/09/2020","4,912.0","5,000.0","5,030.0","4,796.0","0.48K","-2.73%"
"09/08/2020","5,050.0","5,026.0","5,078.0","5,024.0","0.07K","0.68%"
"09/07/2020","5,016.0","5,018.0","5,066.0","4,988.0","0.08K","0.36%"
"09/04/2020","4,998.0","4,970.0","5,036.0","4,944.0","0.25K","-0.24%"
"09/03/2020","5,010.0","5,032.0","5,064.0","4,972.0","0.17K","-1.07%"
"09/02/2020","5,064.0","5,052.0","5,110.0","5,024.0","0.26K","0.12%"
"09/01/2020","5,058.0","5,090.0","5,112.0","5,036.0","0.47K","0.44%"
"08/31/2020","5,036.0","4,898.0","5,116.0","4,894.0","0.86K","3.32%"
"08/28/2020","4,874.0","4,880.0","4,890.0","4,858.0","0.14K","0.08%"
"08/27/2020","4,870.0","4,864.0","4,902.0","4,820.0","0.21K","1.21%"
"08/26/2020","4,812.0","4,808.0","4,838.0","4,774.0","0.09K","0.75%"
"08/25/2020","4,776.0","4,768.0","4,796.0","4,768.0","0.01K","-0.25%"
"08/24/2020","4,788.0","4,792.0","4,860.0","4,758.0","0.06K","0.63%"
"08/21/2020","4,758.0","4,724.0","4,788.0","4,724.0","0.03K","0.68%"
"08/20/2020","4,726.0","4,730.0","4,730.0","4,722.0","0.01K","-0.08%"
"08/19/2020","4,730.0","4,730.0","4,730.0","4,730.0","0.00K","-0.17%"
"08/18/2020","4,738.0","4,740.0","4,752.0","4,728.0","0.02K","0.17%"
"08/17/2020","4,730.0","4,718.0","4,756.0","4,716.0","0.01K","-0.04%"
"08/14/2020","4,732.0","4,750.0","4,750.0","4,722.0","0.01K","-0.38%"
"08/13/2020","4,750.0","4,722.0","4,754.0","4,722.0","0.05K","0.38%"
"08/12/2020","4,732.0","4,726.0","4,776.0","4,708.0","0.03K","-0.04%"
"08/11/2020","4,734.0","4,720.0","4,748.0","4,718.0","0.02K","0.25%"
"08/10/2020","4,722.0","4,742.0","4,754.0","4,696.0","0.05K","-0.21%"
"08/07/2020","4,732.0","4,700.0","4,746.0","4,700.0","0.02K","0.90%"
"08/06/2020","4,690.0","4,706.0","4,706.0","4,686.0","0.01K","-0.21%"
"08/05/2020","4,700.0","4,716.0","4,716.0","4,692.0","0.04K","0.47%"
"08/04/2020","4,678.0","4,678.0","4,678.0","4,678.0","0.00K","0.26%"
"08/03/2020","4,666.0","4,664.0","4,680.0","4,662.0","0.01K","0.04%"
"07/31/2020","4,664.0","4,682.0","4,684.0","4,646.0","0.03K","-0.60%"
"07/30/2020","4,692.0","4,696.0","4,700.0","4,676.0","0.02K","-0.09%"
"07/29/2020","4,696.0","4,706.0","4,712.0","4,686.0","0.01K","-0.47%"
"07/28/2020","4,718.0","4,760.0","4,762.0","4,690.0","0.03K","-1.17%"
"07/27/2020","4,774.0","4,746.0","4,806.0","4,734.0","0.03K","0.89%"
"07/24/2020","4,732.0","4,728.0","4,750.0","4,712.0","0.04K","0.34%"
"07/23/2020","4,716.0","4,702.0","4,750.0","4,692.0","0.03K","0.00%"
"07/22/2020","4,716.0","4,668.0","4,740.0","4,668.0","0.06K","1.25%"
"07/21/2020","4,658.0","4,410.0","4,430.0","4,406.0","64.31K","0.00%"
"07/20/2020","4,658.0","4,650.0","4,678.0","4,648.0","0.00K","0.22%"
"07/17/2020","4,648.0","4,648.0","4,648.0","4,648.0","0.00K","-0.26%"
"07/16/2020","4,660.0","4,660.0","4,660.0","4,660.0","0.01K","0.22%"
"07/15/2020","4,650.0","4,650.0","4,650.0","4,650.0","0.00K","0.09%"
"07/14/2020","4,646.0","4,632.0","4,654.0","4,632.0","0.00K","0.17%"
"07/13/2020","4,638.0","4,638.0","4,638.0","4,638.0","0.00K","-0.39%"
"07/10/2020","4,656.0","4,438.0","4,440.0","4,390.0","91.43K","0.00%"
"07/09/2020","4,656.0","4,424.0","4,444.0","4,418.0","58.33K","0.00%"
"07/08/2020","4,656.0","4,680.0","4,680.0","4,638.0","0.01K","-0.30%"
"07/07/2020","4,670.0","4,670.0","4,670.0","4,670.0","0.00K","-0.09%"
"07/06/2020","4,674.0","4,682.0","4,688.0","4,662.0","0.00K","0.04%"
"07/03/2020","4,672.0","4,672.0","4,680.0","4,650.0","0.01K","0.91%"
"07/02/2020","4,630.0","4,402.0","4,418.0","4,402.0","52.50K","0.00%"
"07/01/2020","4,630.0","4,628.0","4,632.0","4,628.0","0.01K","-0.47%"
"06/30/2020","4,652.0","4,642.0","4,674.0","4,642.0","0.00K","-0.21%"
"06/29/2020","4,662.0","4,662.0","4,662.0","4,662.0","0.00K","0.30%"
"06/24/2020","4,648.0","4,650.0","4,670.0","4,628.0","0.01K","0.13%"
"06/23/2020","4,642.0","4,642.0","4,642.0","4,642.0","0.00K","-0.39%"
"06/22/2020","4,660.0","4,680.0","4,680.0","4,652.0","0.00K","-0.34%"
"06/19/2020","4,676.0","4,676.0","4,676.0","4,676.0","0.00K","0.04%"
"06/18/2020","4,674.0","4,404.0","4,412.0","4,382.0","48.95K","0.00%"
"06/17/2020","4,674.0","4,678.0","4,680.0","4,664.0","0.00K","0.47%"
"06/16/2020","4,652.0","4,660.0","4,660.0","4,628.0","0.01K","0.52%"
"06/15/2020","4,628.0","4,632.0","4,662.0","4,626.0","0.02K","-0.43%"
"06/12/2020","4,648.0","4,628.0","4,670.0","4,628.0","0.00K","-0.30%"
"06/11/2020","4,662.0","4,712.0","4,712.0","4,650.0","0.02K","-0.68%"
"06/10/2020","4,694.0","4,684.0","4,708.0","4,668.0","0.01K","-0.38%"
"06/09/2020","4,712.0","4,712.0","4,712.0","4,712.0","0.00K","0.34%"
"06/08/2020","4,696.0","4,706.0","4,722.0","4,670.0","0.01K","0.13%"
"06/05/2020","4,690.0","4,690.0","4,706.0","4,668.0","0.01K","0.34%"
"06/04/2020","4,674.0","4,672.0","4,678.0","4,672.0","0.00K","0.30%"
"06/03/2020","4,660.0","4,660.0","4,662.0","4,660.0","0.01K","0.04%"
"06/02/2020","4,658.0","4,656.0","4,662.0","4,656.0","0.00K","0.04%"
"06/01/2020","4,656.0","4,656.0","4,656.0","4,656.0","0.00K","0.47%"
"05/29/2020","4,634.0","4,656.0","4,656.0","4,624.0","0.01K","0.17%"
"05/28/2020","4,626.0","4,640.0","4,660.0","4,626.0","0.05K","-0.56%"
"05/27/2020","4,652.0","4,434.0","4,440.0","4,422.0","31.88K","0.00%"
"05/26/2020","4,652.0","4,634.0","4,662.0","4,634.0","0.00K","0.22%"
"05/25/2020","4,642.0","4,630.0","4,648.0","4,630.0","0.00K","-0.30%"
"05/22/2020","4,656.0","4,678.0","4,678.0","4,630.0","0.00K","-0.56%"
"05/21/2020","4,682.0","4,698.0","4,700.0","4,652.0","0.01K","-0.09%"
"05/20/2020","4,686.0","4,690.0","4,690.0","4,684.0","0.00K","0.17%"
"05/19/2020","4,678.0","4,676.0","4,694.0","4,674.0","0.01K","0.30%"
"05/18/2020","4,664.0","4,414.0","4,420.0","4,396.0","46.90K","5.76%"
"05/15/2020","4,410.0","4,406.0","4,428.0","4,390.0","60.08K","0.41%"
"05/14/2020","4,392.0","4,416.0","4,422.0","4,370.0","88.07K","-1.04%"
"05/13/2020","4,438.0","4,468.0","4,480.0","4,408.0","91.33K","-0.58%"
"05/12/2020","4,464.0","4,490.0","4,490.0","4,434.0","69.39K","-0.18%"
"05/11/2020","4,472.0","4,484.0","4,492.0","4,458.0","69.56K","-0.36%"
"05/08/2020","4,488.0","4,468.0","4,508.0","4,466.0","80.78K","0.27%"
"05/07/2020","4,476.0","4,474.0","4,498.0","4,464.0","62.97K","-0.04%"
"05/06/2020","4,478.0","4,500.0","4,520.0","4,452.0","66.36K","-0.67%"
"04/30/2020","4,508.0","4,490.0","4,524.0","4,484.0","42.22K","0.67%"
"04/29/2020","4,478.0","4,496.0","4,502.0","4,466.0","59.50K","-0.36%"
"04/28/2020","4,494.0","4,488.0","4,514.0","4,480.0","52.38K","0.04%"
"04/27/2020","4,492.0","4,514.0","4,536.0","4,472.0","89.41K","-0.40%"
"04/24/2020","4,510.0","4,510.0","4,526.0","4,498.0","36.73K","0.00%"
"04/23/2020","4,510.0","4,512.0","4,532.0","4,492.0","56.25K","0.18%"
"04/22/2020","4,502.0","4,462.0","4,544.0","4,450.0","80.10K","-0.57%"
"04/21/2020","4,528.0","4,572.0","4,578.0","4,480.0","94.87K","-1.09%"
"04/20/2020","4,578.0","4,600.0","4,608.0","4,560.0","51.63K","-0.82%"
"04/17/2020","4,616.0","4,616.0","4,632.0","4,604.0","58.65K","0.57%"
"04/16/2020","4,590.0","4,590.0","4,616.0","4,566.0","75.67K","-0.30%"
"04/15/2020","4,604.0","4,608.0","4,620.0","4,594.0","40.73K","0.04%"
"04/14/2020","4,602.0","4,588.0","4,624.0","4,572.0","52.07K","0.00%"
"04/13/2020","4,602.0","4,628.0","4,628.0","4,586.0","61.09K","-0.22%"
"04/10/2020","4,612.0","4,626.0","4,636.0","4,594.0","59.24K","-0.26%"
"04/09/2020","4,624.0","4,642.0","4,656.0","4,608.0","64.54K","-0.77%"
"04/08/2020","4,660.0","4,652.0","4,694.0","4,632.0","83.77K","0.39%"
"04/07/2020","4,642.0","4,606.0","4,674.0","4,606.0","74.62K","0.78%"
"04/03/2020","4,606.0","4,628.0","4,644.0","4,584.0","60.18K","-0.26%"
"04/02/2020","4,618.0","4,600.0","4,648.0","4,584.0","44.03K","0.09%"
"04/01/2020","4,614.0","4,622.0","4,650.0","4,594.0","39.17K","-0.60%"
"03/31/2020","4,642.0","4,634.0","4,686.0","4,604.0","29.95K","-0.51%"
"03/30/2020","4,666.0","4,726.0","4,726.0","4,610.0","40.67K","-1.06%"
"03/27/2020","4,716.0","4,652.0","4,772.0","4,644.0","62.25K","1.73%"
"03/26/2020","4,636.0","4,624.0","4,652.0","4,606.0","22.07K","0.48%"
"03/25/2020","4,614.0","4,626.0","4,626.0","4,598.0","12.23K","0.52%"
"03/24/2020","4,590.0","4,590.0","4,620.0","4,568.0","16.86K","0.53%"
"03/23/2020","4,566.0","4,588.0","4,600.0","4,552.0","13.22K","-1.21%"
"03/20/2020","4,622.0","4,660.0","4,662.0","4,594.0","16.74K","0.17%"
"03/19/2020","4,614.0","4,600.0","4,640.0","4,580.0","19.57K","-0.35%"
"03/18/2020","4,630.0","4,614.0","4,662.0","4,604.0","11.03K","0.39%"
"03/17/2020","4,612.0","4,580.0","4,632.0","4,566.0","7.65K","-1.20%"
"03/16/2020","4,668.0","4,606.0","4,710.0","4,606.0","13.02K","0.82%"
"03/13/2020","4,630.0","4,650.0","4,666.0","4,602.0","12.70K","-0.81%"
"03/12/2020","4,668.0","4,694.0","4,704.0","4,644.0","10.79K","-0.98%"
"03/11/2020","4,714.0","4,716.0","4,732.0","4,688.0","13.14K","0.43%"
"03/10/2020","4,694.0","4,640.0","4,718.0","4,640.0","10.39K","1.21%"
"03/09/2020","4,638.0","4,582.0","4,688.0","4,536.0","15.17K","-1.65%"
"03/06/2020","4,716.0","4,648.0","4,750.0","4,648.0","16.53K","1.25%"
"03/05/2020","4,658.0","4,662.0","4,680.0","4,642.0","5.93K","0.04%"
"03/04/2020","4,656.0","4,638.0","4,672.0","4,638.0","4.54K","-0.13%"
"03/03/2020","4,662.0","4,652.0","4,680.0","4,644.0","6.70K","0.17%"
"03/02/2020","4,654.0","4,600.0","4,680.0","4,600.0","9.13K","0.69%"
"02/28/2020","4,622.0","4,610.0","4,650.0","4,596.0","8.66K","-1.11%"
"02/27/2020","4,674.0","4,692.0","4,696.0","4,656.0","6.07K","-0.64%"
"02/26/2020","4,704.0","4,714.0","4,724.0","4,660.0","7.34K","-0.55%"
"02/25/2020","4,730.0","4,724.0","4,758.0","4,706.0","8.34K","0.17%"
"02/24/2020","4,722.0","4,736.0","4,760.0","4,600.0","9.68K","-0.67%"
"02/21/2020","4,754.0","4,748.0","4,776.0","4,732.0","7.05K","1.06%"
"02/20/2020","4,704.0","4,692.0","4,750.0","4,680.0","6.86K","0.64%"
"02/19/2020","4,674.0","4,650.0","4,688.0","4,650.0","4.14K","0.13%"
"02/18/2020","4,668.0","4,678.0","4,684.0","4,648.0","4.05K","0.26%"
"02/17/2020","4,656.0","4,628.0","4,666.0","4,628.0","4.03K","0.43%"
"02/14/2020","4,636.0","4,636.0","4,644.0","4,624.0","2.57K","-0.04%"
"02/13/2020","4,638.0","4,748.0","4,748.0","4,622.0","3.28K","-0.09%"
"02/12/2020","4,642.0","4,686.0","4,686.0","4,616.0","3.47K","0.43%"
"02/11/2020","4,622.0","4,600.0","4,634.0","4,600.0","2.25K","0.39%"
"02/10/2020","4,604.0","4,602.0","4,626.0","4,550.0","2.43K","-0.43%"
"02/07/2020","4,624.0","4,638.0","4,638.0","4,612.0","2.46K","-0.04%"
"02/06/2020","4,626.0","4,620.0","4,642.0","4,606.0","2.92K","0.30%"
"02/05/2020","4,612.0","4,590.0","4,636.0","4,566.0","2.42K","0.57%"
"02/04/2020","4,586.0","4,520.0","4,624.0","4,514.0","3.17K","1.64%"
"02/03/2020","4,512.0","4,462.0","4,576.0","4,396.0","5.21K","-3.80%"
"01/23/2020","4,690.0","4,724.0","4,724.0","4,650.0","2.06K","-0.76%"
"01/22/2020","4,726.0","4,770.0","4,770.0","4,708.0","2.15K","-1.79%"
"01/21/2020","4,812.0","4,860.0","4,866.0","4,760.0","2.13K","-0.37%"
"01/20/2020","4,830.0","4,800.0","4,862.0","4,786.0","1.69K","0.54%"
"01/17/2020","4,804.0","4,798.0","4,816.0","4,794.0","0.73K","-0.12%"
"01/16/2020","4,810.0","4,784.0","4,832.0","4,784.0","2.61K","0.54%"
"01/15/2020","4,784.0","4,798.0","4,800.0","4,776.0","0.50K","-0.13%"
"01/14/2020","4,790.0","4,806.0","4,812.0","4,780.0","0.67K","0.00%"
"01/13/2020","4,790.0","4,766.0","4,810.0","4,766.0","0.89K","0.17%"
"01/10/2020","4,782.0","4,782.0","4,804.0","4,768.0","0.77K","-0.08%"
"01/09/2020","4,786.0","4,786.0","4,818.0","4,762.0","0.73K","0.46%"
"01/08/2020","4,764.0","4,718.0","4,800.0","4,718.0","1.52K","1.28%"
"01/07/2020","4,704.0","4,698.0","4,720.0","4,688.0","0.59K","-0.04%"
"01/06/2020","4,706.0","4,722.0","4,734.0","4,688.0","0.74K","-0.72%"
"01/03/2020","4,740.0","4,738.0","4,750.0","4,730.0","0.16K","-0.08%"
"01/02/2020","4,744.0","4,748.0","4,752.0","4,734.0","0.17K","0.13%"